[debug] [2026-08-12T08:44:43.068Z] ----------------------------------------------------------------------
[debug] [2026-08-12T08:44:43.072Z] Command:       /usr/local/bin/node /usr/local/bin/firebase emulators:exec --only firestore npm test
[debug] [2026-08-12T08:44:43.072Z] CLI Version:   15.22.2
[debug] [2026-08-12T08:44:43.073Z] Platform:      linux
[debug] [2026-08-12T08:44:43.073Z] Node Version:  v22.23.1
[debug] [2026-08-12T08:44:43.073Z] Detected Agent: unknown
[debug] [2026-08-12T08:44:43.074Z] Time:          Wed Aug 12 2026 08:44:43 GMT+0000 (Coordinated Universal Time)
[debug] [2026-08-12T08:44:43.074Z] ----------------------------------------------------------------------
[debug] 
[debug] [2026-08-12T08:44:45.241Z] > command requires scopes: ["email","openid","https://www.googleapis.com/auth/cloudplatformprojects.readonly","https://www.googleapis.com/auth/firebase","https://www.googleapis.com/auth/cloud-platform"]
[debug] [2026-08-12T08:44:45.265Z] Running auto auth
[debug] [2026-08-12T08:44:45.379Z] openjdk version "21.0.11" 2026-04-21 LTS
OpenJDK Runtime Environment Temurin-21.0.11+10 (build 21.0.11+10-LTS)

[debug] [2026-08-12T08:44:45.380Z] OpenJDK 64-Bit Server VM Temurin-21.0.11+10 (build 21.0.11+10-LTS, mixed mode, sharing)

[debug] [2026-08-12T08:44:45.386Z] Parsed Java major version: 21
[info] i  emulators: Starting emulators: firestore {"metadata":{"emulator":{"name":"hub"},"message":"Starting emulators: firestore"}}
[debug] [2026-08-12T08:44:45.402Z] [logging] Logging Emulator only supports listening on one address (127.0.0.1). Not listening on ::1
[debug] [2026-08-12T08:44:45.403Z] [firestore] Firestore Emulator only supports listening on one address (127.0.0.1). Not listening on ::1
[debug] [2026-08-12T08:44:45.403Z] [firestore.websocket] websocket server for firestore only supports listening on one address (127.0.0.1). Not listening on ::1
[debug] [2026-08-12T08:44:45.403Z] assigned listening specs for emulators {"user":{"hub":[{"address":"127.0.0.1","family":"IPv4","port":4400},{"address":"::1","family":"IPv6","port":4400}],"logging":[{"address":"127.0.0.1","family":"IPv4","port":4500}],"firestore":[{"address":"127.0.0.1","family":"IPv4","port":8080}],"firestore.websocket":[{"address":"127.0.0.1","family":"IPv4","port":9150}]},"metadata":{"message":"assigned listening specs for emulators"}}
[debug] [2026-08-12T08:44:45.407Z] Write emulator hub locator at /tmp/hub-fintrack-emulator-test.json
[debug] [2026-08-12T08:44:45.414Z] Ignoring unsupported arg: auto_download {"metadata":{"emulator":{"name":"firestore"},"message":"Ignoring unsupported arg: auto_download"}}
[debug] [2026-08-12T08:44:45.414Z] Ignoring unsupported arg: single_project_mode_error {"metadata":{"emulator":{"name":"firestore"},"message":"Ignoring unsupported arg: single_project_mode_error"}}
[debug] [2026-08-12T08:44:45.414Z] Starting Firestore Emulator with command {"binary":"java","args":["-Dgoogle.cloud_firestore.debug_log_level=FINE","-Duser.language=en","-jar","/root/.cache/firebase/emulators/cloud-firestore-emulator-v1.21.0.jar","--host","127.0.0.1","--port",8080,"--websocket_port",9150,"--database-edition","standard","--project_id","fintrack-emulator-test","--rules","/app/applet/firestore.rules","--single_project_mode",true],"optionalArgs":["port","webchannel_port","host","rules","websocket_port","database-edition","functions_emulator","seed_from_export","project_id","single_project_mode"],"joinArgs":false,"shell":false,"port":8080} {"metadata":{"emulator":{"name":"firestore"},"message":"Starting Firestore Emulator with command {\"binary\":\"java\",\"args\":[\"-Dgoogle.cloud_firestore.debug_log_level=FINE\",\"-Duser.language=en\",\"-jar\",\"/root/.cache/firebase/emulators/cloud-firestore-emulator-v1.21.0.jar\",\"--host\",\"127.0.0.1\",\"--port\",8080,\"--websocket_port\",9150,\"--database-edition\",\"standard\",\"--project_id\",\"fintrack-emulator-test\",\"--rules\",\"/app/applet/firestore.rules\",\"--single_project_mode\",true],\"optionalArgs\":[\"port\",\"webchannel_port\",\"host\",\"rules\",\"websocket_port\",\"database-edition\",\"functions_emulator\",\"seed_from_export\",\"project_id\",\"single_project_mode\"],\"joinArgs\":false,\"shell\":false,\"port\":8080}"}}
[info] i  firestore: Firestore Emulator logging to firestore-debug.log {"metadata":{"emulator":{"name":"firestore"},"message":"Firestore Emulator logging to firestore-debug.log"}}
[info] ✔  firestore: Firestore Emulator was started in standard edition. {"metadata":{"emulator":{"name":"firestore"},"message":"Firestore Emulator was started in standard edition."}}
[info] ✔  firestore: Firestore Emulator UI websocket is running on 9150. {"metadata":{"emulator":{"name":"firestore"},"message":"Firestore Emulator UI websocket is running on 9150."}}
[debug] [2026-08-12T08:44:45.447Z] Could not find VSCode notification endpoint: FetchError: request to http://localhost:40001/vscode/notify failed, reason: connect ECONNREFUSED 127.0.0.1:40001. If you are not running the Firebase SQL Connect VSCode extension, this is expected and not an issue.
[info] i  Running script: npm test 
[debug] [2026-08-12T08:44:45.453Z] Running npm test with environment {"GOOGLE_RUNTIME":"nodejs22","NO_UPDATE_NOTIFIER":"true","LANGUAGE":"en_US:en","npm_config_user_agent":"npm/10.9.8 node/v22.23.1 linux x64 workspaces/false","NODE_VERSION":"22.23.1","CONTROL_PLANE_PORT":"8000","APP_URL":"https://ais-dev-snhg3u6udqhrl5sjg4l4mc-755273476722.europe-west2.run.app","K_REVISION":"ais-dev-snhg3u6udqhrl5sjg4l4mc-00001-2jj","YARN_VERSION":"1.22.22","npm_node_execpath":"/usr/local/bin/node","DEFAULT_APP_PORT":"3000","SHLVL":"0","npm_config_noproxy":"","PORT":"8080","HOME":"/root","npm_package_json":"/app/applet/package.json","NODE_OPTIONS":"--max-old-space-size=3072","npm_config_userconfig":"/root/.npmrc","npm_config_local_prefix":"/app/applet","NG_ALLOWED_HOSTS":"ais-dev-snhg3u6udqhrl5sjg4l4mc-755273476722.europe-west2.run.app","COLOR":"0","CLOUD_RUN_TIMEOUT_SECONDS":"3600","K_CONFIGURATION":"ais-dev-snhg3u6udqhrl5sjg4l4mc","APPLET_ID":"4ff7853e-c228-45be-b886-45165f54a607","_":"/app/control-plane-api/control-plane-api","npm_config_prefix":"/usr/local","npm_config_npm_version":"10.9.8","APPLET_DIR":"applet","npm_config_cache":"/root/.npm","CONTROL_PLANE_API_DIR":"control-plane-api","GOMEMLIMIT":"512MiB","npm_config_node_gyp":"/usr/local/lib/node_modules/npm/node_modules/node-gyp/bin/node-gyp.js","PATH":"/app/applet/node_modules/.bin:/app/node_modules/.bin:/node_modules/.bin:/usr/local/lib/node_modules/npm/node_modules/@npmcli/run-script/lib/node-gyp-bin:/usr/local/sbin:/usr/local/bin:/usr/sbin:/usr/bin:/sbin:/bin:/opt/android/sdk/cmdline-tools/latest/bin:/opt/android/sdk/platform-tools:/opt/gradle/gradle-9.3.1/bin:/usr/local/sbin:/usr/local/bin:/usr/sbin:/usr/bin:/sbin:/bin","NEXT_TELEMETRY_DISABLED":"","NODE":"/usr/local/bin/node","npm_package_name":"fintrack-firestore-rules-tests","CNB_GROUP_ID":"33","CNB_USER_ID":"33","AI_STUDIO_AGENT":"1","APP_DIR":"/app/applet","LANG":"en_US.UTF-8","npm_lifecycle_script":"firebase emulators:exec --only firestore 'npm test'","DEBIAN_FRONTEND":"noninteractive","K_SERVICE":"ais-dev-snhg3u6udqhrl5sjg4l4mc","npm_package_version":"1.0.0","npm_lifecycle_event":"test:emulator","GRADLE_VERSION":"9.3.1","NGINX_PORT":"8080","ANDROID_SDK_ROOT":"/opt/android/sdk","npm_config_globalconfig":"/usr/local/etc/npmrc","npm_config_init_module":"/root/.npm-init.js","GRADLE_USER_HOME":"/opt/gradle/.gradle","PWD":"/app/applet","LC_ALL":"en_US.UTF-8","ANDROID_FRAMEWORK":"true","npm_execpath":"/usr/local/lib/node_modules/npm/bin/npm-cli.js","GEMINI_API_KEY":"AQ.Ab8RN6Lg5gtiyaFYdGPAclkZK9Fr12G5BwyuPTImcZ1Fm2iXjw","npm_config_global_prefix":"/usr/local","AUTHORIZED_SERVICE_ACCOUNT_EMAIL":"ais-sandbox@ais-europe-west2-0e03bc12c4784.iam.gserviceaccount.com","npm_command":"run-script","CSP_HEADER_VALUE":"frame-ancestors 'self' https://*.google.com https://localhost.corp.google.com:26001;","NODE_ENV":"development","CNB_STACK_ID":"google.gae.22","INIT_CWD":"/app/applet","EDITOR":"vi","IS_FIREBASE_CLI":"true","GCLOUD_PROJECT":"fintrack-emulator-test","FIREBASE_CONFIG":"{\"projectId\":\"fintrack-emulator-test\",\"storageBucket\":\"fintrack-emulator-test.appspot.com\",\"databaseURL\":\"https://fintrack-emulator-test.firebaseio.com\"}","FIREBASE_EMULATOR_HUB":"127.0.0.1:4400","FIRESTORE_EMULATOR_HOST":"127.0.0.1:8080","FIREBASE_FIRESTORE_EMULATOR_ADDRESS":"127.0.0.1:8080"}
[debug] [2026-08-12T08:44:47.518Z] Aug 12, 2026 8:44:47 AM com.google.cloud.datastore.emulator.firestore.websocket.WebSocketServer start
INFO: Started WebSocket server on ws://127.0.0.1:9150
 {"metadata":{"emulator":{"name":"firestore"},"message":"Aug 12, 2026 8:44:47 AM com.google.cloud.datastore.emulator.firestore.websocket.WebSocketServer start\nINFO: Started WebSocket server on ws://127.0.0.1:9150\n"}}
[debug] [2026-08-12T08:44:47.570Z] 
API endpoint: http://127.0.0.1:8080
 {"metadata":{"emulator":{"name":"firestore"},"message":"\nAPI endpoint: http://127.0.0.1:8080\n"}}
[debug] [2026-08-12T08:44:47.571Z] Database Edition: STANDARD
Database Mode: CLOUD_FIRESTORE

If you are using a library that supports the FIRESTORE_EMULATOR_HOST environment variable, run:

   export FIRESTORE_EMULATOR_HOST=127.0.0.1:8080

If you are running a Firestore in Datastore Mode project, run:

   export DATASTORE_EMULATOR_HOST=127.0.0.1:8080

Note: Support for Datastore Mode is in preview. If you encounter any bugs please file at https://github.com/firebase/firebase-tools/issues.
Dev App Server is now running.

 {"metadata":{"emulator":{"name":"firestore"},"message":"Database Edition: STANDARD\nDatabase Mode: CLOUD_FIRESTORE\n\nIf you are using a library that supports the FIRESTORE_EMULATOR_HOST environment variable, run:\n\n   export FIRESTORE_EMULATOR_HOST=127.0.0.1:8080\n\nIf you are running a Firestore in Datastore Mode project, run:\n\n   export DATASTORE_EMULATOR_HOST=127.0.0.1:8080\n\nNote: Support for Datastore Mode is in preview. If you encounter any bugs please file at https://github.com/firebase/firebase-tools/issues.\nDev App Server is now running.\n\n"}}
[debug] [2026-08-12T08:44:48.763Z] Aug 12, 2026 8:44:48 AM io.gapi.emulators.netty.HttpVersionRoutingHandler channelRead
INFO: Detected non-HTTP/2 connection.
 {"metadata":{"emulator":{"name":"firestore"},"message":"Aug 12, 2026 8:44:48 AM io.gapi.emulators.netty.HttpVersionRoutingHandler channelRead\nINFO: Detected non-HTTP/2 connection.\n"}}
[debug] [2026-08-12T08:44:49.036Z] Aug 12, 2026 8:44:49 AM io.grpc.netty.TcpMetrics loadEpollInfo
INFO: Epoll available during static init of TcpMetrics:false
 {"metadata":{"emulator":{"name":"firestore"},"message":"Aug 12, 2026 8:44:49 AM io.grpc.netty.TcpMetrics loadEpollInfo\nINFO: Epoll available during static init of TcpMetrics:false\n"}}
[debug] [2026-08-12T08:44:49.067Z] Aug 12, 2026 8:44:49 AM io.gapi.emulators.netty.HttpVersionRoutingHandler channelRead
INFO: Detected HTTP/2 connection.
 {"metadata":{"emulator":{"name":"firestore"},"message":"Aug 12, 2026 8:44:49 AM io.gapi.emulators.netty.HttpVersionRoutingHandler channelRead\nINFO: Detected HTTP/2 connection.\n"}}
[debug] [2026-08-12T08:44:50.768Z] Aug 12, 2026 8:44:50 AM io.gapi.emulators.netty.HttpVersionRoutingHandler channelRead
INFO: Detected HTTP/2 connection.
 {"metadata":{"emulator":{"name":"firestore"},"message":"Aug 12, 2026 8:44:50 AM io.gapi.emulators.netty.HttpVersionRoutingHandler channelRead\nINFO: Detected HTTP/2 connection.\n"}}
[debug] [2026-08-12T08:44:51.147Z] Aug 12, 2026 8:44:51 AM io.gapi.emulators.netty.HttpVersionRoutingHandler channelRead
INFO: Detected HTTP/2 connection.
 {"metadata":{"emulator":{"name":"firestore"},"message":"Aug 12, 2026 8:44:51 AM io.gapi.emulators.netty.HttpVersionRoutingHandler channelRead\nINFO: Detected HTTP/2 connection.\n"}}
[debug] [2026-08-12T08:44:51.665Z] Aug 12, 2026 8:44:51 AM com.google.cloud.datastore.emulator.impl.util.WrappedStreamObserver onError
WARNING: Operation failed: 
false for 'create' @ L99, false for 'create' @ L129, false for 'update' @ L99, false for 'update' @ L133
com.google.cloud.datastore.core.exception.DatastoreException: 
false for 'create' @ L99, false for 'create' @ L129, false for 'update' @ L99, false for 'update' @ L133
	at com.google.cloud.datastore.core.exception.DatastoreException$Builder.build(DatastoreException.java:152)
	at com.google.cloud.datastore.emulator.impl.rules.DefaultEmulatorRulesAuthorizer.verboseError(DefaultEmulatorRulesAuthorizer.java:349)
	at com.google.cloud.datastore.emulator.impl.rules.DefaultEmulatorRulesAuthorizer.withVerboseErrors(DefaultEmulatorRulesAuthorizer.java:326)
	at com.google.cloud.datastore.emulator.impl.rules.DefaultEmulatorRulesAuthorizer.checkCommit(DefaultEmulatorRulesAuthorizer.java:114)
	at com.google.cloud.datastore.emulator.impl.firestore.FirestoreEmulatorHelper.commitHelper(FirestoreEmulatorHelper.java:386)
	at com.google.cloud.datastore.emulator.impl.firestore.FirestoreEmulatorHelper.internalCommit(FirestoreEmulatorHelper.java:336)
	at com.google.cloud.datastore.emulator.impl.firestore.CloudFirestoreV1.internalCommit(CloudFirestoreV1.java:1245)
	at com.google.cloud.datastore.emulator.impl.firestore.CloudFirestoreV1.write(CloudFirestoreV1.java:1232)
	at com.google.cloud.datastore.emulator.impl.firestore.CloudFirestoreV1WriteStream.handleRequest(CloudFirestoreV1WriteStream.java:222)
	at com.google.cloud.datastore.emulator.impl.firestore.CloudFirestoreV1WriteStream.write(CloudFirestoreV1WriteStream.java:144)
	at com.google.cloud.datastore.emulator.impl.firestore.CloudFirestoreV1WriteStream.onNext(CloudFirestoreV1WriteStream.java:99)
	at com.google.cloud.datastore.emulator.impl.firestore.CloudFirestoreV1WriteStream.onNext(CloudFirestoreV1WriteStream.java:27)
	at io.grpc.stub.ServerCalls$StreamingServerCallHandler$StreamingServerCallListener.onMessage(ServerCalls.java:262)
	at io.grpc.ForwardingServerCallListener.onMessage(ForwardingServerCallListener.java:33)
	at io.grpc.Contexts$ContextualizedServerCallListener.onMessage(Contexts.java:76)
	at io.grpc.ForwardingServerCallListener.onMessage(ForwardingServerCallListener.java:33)
	at io.grpc.Contexts$ContextualizedServerCallListener.onMessage(Contexts.java:76)
	at io.grpc.internal.ServerCallImpl$ServerStreamListenerImpl.messagesAvailableInternal(ServerCallImpl.java:334)
	at io.grpc.internal.ServerCallImpl$ServerStreamListenerImpl.messagesAvailable(ServerCallImpl.java:319)
	at io.grpc.internal.ServerImpl$JumpToApplicationThreadServerStreamListener$1MessagesAvailable.runInContext(ServerImpl.java:834)
	at io.grpc.internal.ContextRunnable.run(ContextRunnable.java:37)
	at io.grpc.internal.SerializingExecutor.run(SerializingExecutor.java:133)
	at java.base/java.util.concurrent.ThreadPoolExecutor.runWorker(ThreadPoolExecutor.java:1144)
	at java.base/java.util.concurrent.ThreadPoolExecutor$Worker.run(ThreadPoolExecutor.java:642)
	at java.base/java.lang.Thread.run(Thread.java:1583)

 {"metadata":{"emulator":{"name":"firestore"},"message":"Aug 12, 2026 8:44:51 AM com.google.cloud.datastore.emulator.impl.util.WrappedStreamObserver onError\nWARNING: Operation failed: \nfalse for 'create' @ L99, false for 'create' @ L129, false for 'update' @ L99, false for 'update' @ L133\ncom.google.cloud.datastore.core.exception.DatastoreException: \nfalse for 'create' @ L99, false for 'create' @ L129, false for 'update' @ L99, false for 'update' @ L133\n\tat com.google.cloud.datastore.core.exception.DatastoreException$Builder.build(DatastoreException.java:152)\n\tat com.google.cloud.datastore.emulator.impl.rules.DefaultEmulatorRulesAuthorizer.verboseError(DefaultEmulatorRulesAuthorizer.java:349)\n\tat com.google.cloud.datastore.emulator.impl.rules.DefaultEmulatorRulesAuthorizer.withVerboseErrors(DefaultEmulatorRulesAuthorizer.java:326)\n\tat com.google.cloud.datastore.emulator.impl.rules.DefaultEmulatorRulesAuthorizer.checkCommit(DefaultEmulatorRulesAuthorizer.java:114)\n\tat com.google.cloud.datastore.emulator.impl.firestore.FirestoreEmulatorHelper.commitHelper(FirestoreEmulatorHelper.java:386)\n\tat com.google.cloud.datastore.emulator.impl.firestore.FirestoreEmulatorHelper.internalCommit(FirestoreEmulatorHelper.java:336)\n\tat com.google.cloud.datastore.emulator.impl.firestore.CloudFirestoreV1.internalCommit(CloudFirestoreV1.java:1245)\n\tat com.google.cloud.datastore.emulator.impl.firestore.CloudFirestoreV1.write(CloudFirestoreV1.java:1232)\n\tat com.google.cloud.datastore.emulator.impl.firestore.CloudFirestoreV1WriteStream.handleRequest(CloudFirestoreV1WriteStream.java:222)\n\tat com.google.cloud.datastore.emulator.impl.firestore.CloudFirestoreV1WriteStream.write(CloudFirestoreV1WriteStream.java:144)\n\tat com.google.cloud.datastore.emulator.impl.firestore.CloudFirestoreV1WriteStream.onNext(CloudFirestoreV1WriteStream.java:99)\n\tat com.google.cloud.datastore.emulator.impl.firestore.CloudFirestoreV1WriteStream.onNext(CloudFirestoreV1WriteStream.java:27)\n\tat io.grpc.stub.ServerCalls$StreamingServerCallHandler$StreamingServerCallListener.onMessage(ServerCalls.java:262)\n\tat io.grpc.ForwardingServerCallListener.onMessage(ForwardingServerCallListener.java:33)\n\tat io.grpc.Contexts$ContextualizedServerCallListener.onMessage(Contexts.java:76)\n\tat io.grpc.ForwardingServerCallListener.onMessage(ForwardingServerCallListener.java:33)\n\tat io.grpc.Contexts$ContextualizedServerCallListener.onMessage(Contexts.java:76)\n\tat io.grpc.internal.ServerCallImpl$ServerStreamListenerImpl.messagesAvailableInternal(ServerCallImpl.java:334)\n\tat io.grpc.internal.ServerCallImpl$ServerStreamListenerImpl.messagesAvailable(ServerCallImpl.java:319)\n\tat io.grpc.internal.ServerImpl$JumpToApplicationThreadServerStreamListener$1MessagesAvailable.runInContext(ServerImpl.java:834)\n\tat io.grpc.internal.ContextRunnable.run(ContextRunnable.java:37)\n\tat io.grpc.internal.SerializingExecutor.run(SerializingExecutor.java:133)\n\tat java.base/java.util.concurrent.ThreadPoolExecutor.runWorker(ThreadPoolExecutor.java:1144)\n\tat java.base/java.util.concurrent.ThreadPoolExecutor$Worker.run(ThreadPoolExecutor.java:642)\n\tat java.base/java.lang.Thread.run(Thread.java:1583)\n\n"}}
[debug] [2026-08-12T08:44:52.404Z] Aug 12, 2026 8:44:52 AM com.google.cloud.datastore.emulator.impl.util.WrappedStreamObserver onError
WARNING: Operation failed: 
false for 'create' @ L99, evaluation error at L116:26 for 'create' @ L116, false for 'update' @ L99, evaluation error at L123:34 for 'update' @ L123, false for 'create' @ L99, false for 'create' @ L116
com.google.cloud.datastore.core.exception.DatastoreException: 
false for 'create' @ L99, evaluation error at L116:26 for 'create' @ L116, false for 'update' @ L99, evaluation error at L123:34 for 'update' @ L123, false for 'create' @ L99, false for 'create' @ L116
	at com.google.cloud.datastore.core.exception.DatastoreException$Builder.build(DatastoreException.java:152)
	at com.google.cloud.datastore.emulator.impl.rules.DefaultEmulatorRulesAuthorizer.verboseError(DefaultEmulatorRulesAuthorizer.java:349)
	at com.google.cloud.datastore.emulator.impl.rules.DefaultEmulatorRulesAuthorizer.withVerboseErrors(DefaultEmulatorRulesAuthorizer.java:326)
	at com.google.cloud.datastore.emulator.impl.rules.DefaultEmulatorRulesAuthorizer.checkCommit(DefaultEmulatorRulesAuthorizer.java:114)
	at com.google.cloud.datastore.emulator.impl.firestore.FirestoreEmulatorHelper.commitHelper(FirestoreEmulatorHelper.java:386)
	at com.google.cloud.datastore.emulator.impl.firestore.FirestoreEmulatorHelper.internalCommit(FirestoreEmulatorHelper.java:336)
	at com.google.cloud.datastore.emulator.impl.firestore.CloudFirestoreV1.internalCommit(CloudFirestoreV1.java:1245)
	at com.google.cloud.datastore.emulator.impl.firestore.CloudFirestoreV1.write(CloudFirestoreV1.java:1232)
	at com.google.cloud.datastore.emulator.impl.firestore.CloudFirestoreV1WriteStream.handleRequest(CloudFirestoreV1WriteStream.java:222)
	at com.google.cloud.datastore.emulator.impl.firestore.CloudFirestoreV1WriteStream.write(CloudFirestoreV1WriteStream.java:144)
	at com.google.cloud.datastore.emulator.impl.firestore.CloudFirestoreV1WriteStream.onNext(CloudFirestoreV1WriteStream.java:99)
	at com.google.cloud.datastore.emulator.impl.firestore.CloudFirestoreV1WriteStream.onNext(CloudFirestoreV1WriteStream.java:27)
	at io.grpc.stub.ServerCalls$StreamingServerCallHandler$StreamingServerCallListener.onMessage(ServerCalls.java:262)
	at io.grpc.ForwardingServerCallListener.onMessage(ForwardingServerCallListener.java:33)
	at io.grpc.Contexts$ContextualizedServerCallListener.onMessage(Contexts.java:76)
	at io.grpc.ForwardingServerCallListener.onMessage(ForwardingServerCallListener.java:33)
	at io.grpc.Contexts$ContextualizedServerCallListener.onMessage(Contexts.java:76)
	at io.grpc.internal.ServerCallImpl$ServerStreamListenerImpl.messagesAvailableInternal(ServerCallImpl.java:334)
	at io.grpc.internal.ServerCallImpl$ServerStreamListenerImpl.messagesAvailable(ServerCallImpl.java:319)
	at io.grpc.internal.ServerImpl$JumpToApplicationThreadServerStreamListener$1MessagesAvailable.runInContext(ServerImpl.java:834)
	at io.grpc.internal.ContextRunnable.run(ContextRunnable.java:37)
	at io.grpc.internal.SerializingExecutor.run(SerializingExecutor.java:133)
	at java.base/java.util.concurrent.ThreadPoolExecutor.runWorker(ThreadPoolExecutor.java:1144)
	at java.base/java.util.concurrent.ThreadPoolExecutor$Worker.run(ThreadPoolExecutor.java:642)
	at java.base/java.lang.Thread.run(Thread.java:1583)

 {"metadata":{"emulator":{"name":"firestore"},"message":"Aug 12, 2026 8:44:52 AM com.google.cloud.datastore.emulator.impl.util.WrappedStreamObserver onError\nWARNING: Operation failed: \nfalse for 'create' @ L99, evaluation error at L116:26 for 'create' @ L116, false for 'update' @ L99, evaluation error at L123:34 for 'update' @ L123, false for 'create' @ L99, false for 'create' @ L116\ncom.google.cloud.datastore.core.exception.DatastoreException: \nfalse for 'create' @ L99, evaluation error at L116:26 for 'create' @ L116, false for 'update' @ L99, evaluation error at L123:34 for 'update' @ L123, false for 'create' @ L99, false for 'create' @ L116\n\tat com.google.cloud.datastore.core.exception.DatastoreException$Builder.build(DatastoreException.java:152)\n\tat com.google.cloud.datastore.emulator.impl.rules.DefaultEmulatorRulesAuthorizer.verboseError(DefaultEmulatorRulesAuthorizer.java:349)\n\tat com.google.cloud.datastore.emulator.impl.rules.DefaultEmulatorRulesAuthorizer.withVerboseErrors(DefaultEmulatorRulesAuthorizer.java:326)\n\tat com.google.cloud.datastore.emulator.impl.rules.DefaultEmulatorRulesAuthorizer.checkCommit(DefaultEmulatorRulesAuthorizer.java:114)\n\tat com.google.cloud.datastore.emulator.impl.firestore.FirestoreEmulatorHelper.commitHelper(FirestoreEmulatorHelper.java:386)\n\tat com.google.cloud.datastore.emulator.impl.firestore.FirestoreEmulatorHelper.internalCommit(FirestoreEmulatorHelper.java:336)\n\tat com.google.cloud.datastore.emulator.impl.firestore.CloudFirestoreV1.internalCommit(CloudFirestoreV1.java:1245)\n\tat com.google.cloud.datastore.emulator.impl.firestore.CloudFirestoreV1.write(CloudFirestoreV1.java:1232)\n\tat com.google.cloud.datastore.emulator.impl.firestore.CloudFirestoreV1WriteStream.handleRequest(CloudFirestoreV1WriteStream.java:222)\n\tat com.google.cloud.datastore.emulator.impl.firestore.CloudFirestoreV1WriteStream.write(CloudFirestoreV1WriteStream.java:144)\n\tat com.google.cloud.datastore.emulator.impl.firestore.CloudFirestoreV1WriteStream.onNext(CloudFirestoreV1WriteStream.java:99)\n\tat com.google.cloud.datastore.emulator.impl.firestore.CloudFirestoreV1WriteStream.onNext(CloudFirestoreV1WriteStream.java:27)\n\tat io.grpc.stub.ServerCalls$StreamingServerCallHandler$StreamingServerCallListener.onMessage(ServerCalls.java:262)\n\tat io.grpc.ForwardingServerCallListener.onMessage(ForwardingServerCallListener.java:33)\n\tat io.grpc.Contexts$ContextualizedServerCallListener.onMessage(Contexts.java:76)\n\tat io.grpc.ForwardingServerCallListener.onMessage(ForwardingServerCallListener.java:33)\n\tat io.grpc.Contexts$ContextualizedServerCallListener.onMessage(Contexts.java:76)\n\tat io.grpc.internal.ServerCallImpl$ServerStreamListenerImpl.messagesAvailableInternal(ServerCallImpl.java:334)\n\tat io.grpc.internal.ServerCallImpl$ServerStreamListenerImpl.messagesAvailable(ServerCallImpl.java:319)\n\tat io.grpc.internal.ServerImpl$JumpToApplicationThreadServerStreamListener$1MessagesAvailable.runInContext(ServerImpl.java:834)\n\tat io.grpc.internal.ContextRunnable.run(ContextRunnable.java:37)\n\tat io.grpc.internal.SerializingExecutor.run(SerializingExecutor.java:133)\n\tat java.base/java.util.concurrent.ThreadPoolExecutor.runWorker(ThreadPoolExecutor.java:1144)\n\tat java.base/java.util.concurrent.ThreadPoolExecutor$Worker.run(ThreadPoolExecutor.java:642)\n\tat java.base/java.lang.Thread.run(Thread.java:1583)\n\n"}}
[debug] [2026-08-12T08:44:52.545Z] Aug 12, 2026 8:44:52 AM com.google.cloud.datastore.emulator.impl.util.WrappedStreamObserver onError
WARNING: Operation failed: 
false for 'create' @ L99, evaluation error at L116:26 for 'create' @ L116, false for 'update' @ L99, evaluation error at L123:34 for 'update' @ L123, false for 'create' @ L99, false for 'create' @ L116
com.google.cloud.datastore.core.exception.DatastoreException: 
false for 'create' @ L99, evaluation error at L116:26 for 'create' @ L116, false for 'update' @ L99, evaluation error at L123:34 for 'update' @ L123, false for 'create' @ L99, false for 'create' @ L116
	at com.google.cloud.datastore.core.exception.DatastoreException$Builder.build(DatastoreException.java:152)
	at com.google.cloud.datastore.emulator.impl.rules.DefaultEmulatorRulesAuthorizer.verboseError(DefaultEmulatorRulesAuthorizer.java:349)
	at com.google.cloud.datastore.emulator.impl.rules.DefaultEmulatorRulesAuthorizer.withVerboseErrors(DefaultEmulatorRulesAuthorizer.java:326)
	at com.google.cloud.datastore.emulator.impl.rules.DefaultEmulatorRulesAuthorizer.checkCommit(DefaultEmulatorRulesAuthorizer.java:114)
	at com.google.cloud.datastore.emulator.impl.firestore.FirestoreEmulatorHelper.commitHelper(FirestoreEmulatorHelper.java:386)
	at com.google.cloud.datastore.emulator.impl.firestore.FirestoreEmulatorHelper.internalCommit(FirestoreEmulatorHelper.java:336)
	at com.google.cloud.datastore.emulator.impl.firestore.CloudFirestoreV1.internalCommit(CloudFirestoreV1.java:1245)
	at com.google.cloud.datastore.emulator.impl.firestore.CloudFirestoreV1.write(CloudFirestoreV1.java:1232)
	at com.google.cloud.datastore.emulator.impl.firestore.CloudFirestoreV1WriteStream.handleRequest(CloudFirestoreV1WriteStream.java:222)
	at com.google.cloud.datastore.emulator.impl.firestore.CloudFirestoreV1WriteStream.write(CloudFirestoreV1WriteStream.java:144)
	at com.google.cloud.datastore.emulator.impl.firestore.CloudFirestoreV1WriteStream.onNext(CloudFirestoreV1WriteStream.java:99)
	at com.google.cloud.datastore.emulator.impl.firestore.CloudFirestoreV1WriteStream.onNext(CloudFirestoreV1WriteStream.java:27)
	at io.grpc.stub.ServerCalls$StreamingServerCallHandler$StreamingServerCallListener.onMessage(ServerCalls.java:262)
	at io.grpc.ForwardingServerCallListener.onMessage(ForwardingServerCallListener.java:33)
	at io.grpc.Contexts$ContextualizedServerCallListener.onMessage(Contexts.java:76)
	at io.grpc.ForwardingServerCallListener.onMessage(ForwardingServerCallListener.java:33)
	at io.grpc.Contexts$ContextualizedServerCallListener.onMessage(Contexts.java:76)
	at io.grpc.internal.ServerCallImpl$ServerStreamListenerImpl.messagesAvailableInternal(ServerCallImpl.java:334)
	at io.grpc.internal.ServerCallImpl$ServerStreamListenerImpl.messagesAvailable(ServerCallImpl.java:319)
	at io.grpc.internal.ServerImpl$JumpToApplicationThreadServerStreamListener$1MessagesAvailable.runInContext(ServerImpl.java:834)
	at io.grpc.internal.ContextRunnable.run(ContextRunnable.java:37)
	at io.grpc.internal.SerializingExecutor.run(SerializingExecutor.java:133)
	at java.base/java.util.concurrent.ThreadPoolExecutor.runWorker(ThreadPoolExecutor.java:1144)
	at java.base/java.util.concurrent.ThreadPoolExecutor$Worker.run(ThreadPoolExecutor.java:642)
	at java.base/java.lang.Thread.run(Thread.java:1583)

 {"metadata":{"emulator":{"name":"firestore"},"message":"Aug 12, 2026 8:44:52 AM com.google.cloud.datastore.emulator.impl.util.WrappedStreamObserver onError\nWARNING: Operation failed: \nfalse for 'create' @ L99, evaluation error at L116:26 for 'create' @ L116, false for 'update' @ L99, evaluation error at L123:34 for 'update' @ L123, false for 'create' @ L99, false for 'create' @ L116\ncom.google.cloud.datastore.core.exception.DatastoreException: \nfalse for 'create' @ L99, evaluation error at L116:26 for 'create' @ L116, false for 'update' @ L99, evaluation error at L123:34 for 'update' @ L123, false for 'create' @ L99, false for 'create' @ L116\n\tat com.google.cloud.datastore.core.exception.DatastoreException$Builder.build(DatastoreException.java:152)\n\tat com.google.cloud.datastore.emulator.impl.rules.DefaultEmulatorRulesAuthorizer.verboseError(DefaultEmulatorRulesAuthorizer.java:349)\n\tat com.google.cloud.datastore.emulator.impl.rules.DefaultEmulatorRulesAuthorizer.withVerboseErrors(DefaultEmulatorRulesAuthorizer.java:326)\n\tat com.google.cloud.datastore.emulator.impl.rules.DefaultEmulatorRulesAuthorizer.checkCommit(DefaultEmulatorRulesAuthorizer.java:114)\n\tat com.google.cloud.datastore.emulator.impl.firestore.FirestoreEmulatorHelper.commitHelper(FirestoreEmulatorHelper.java:386)\n\tat com.google.cloud.datastore.emulator.impl.firestore.FirestoreEmulatorHelper.internalCommit(FirestoreEmulatorHelper.java:336)\n\tat com.google.cloud.datastore.emulator.impl.firestore.CloudFirestoreV1.internalCommit(CloudFirestoreV1.java:1245)\n\tat com.google.cloud.datastore.emulator.impl.firestore.CloudFirestoreV1.write(CloudFirestoreV1.java:1232)\n\tat com.google.cloud.datastore.emulator.impl.firestore.CloudFirestoreV1WriteStream.handleRequest(CloudFirestoreV1WriteStream.java:222)\n\tat com.google.cloud.datastore.emulator.impl.firestore.CloudFirestoreV1WriteStream.write(CloudFirestoreV1WriteStream.java:144)\n\tat com.google.cloud.datastore.emulator.impl.firestore.CloudFirestoreV1WriteStream.onNext(CloudFirestoreV1WriteStream.java:99)\n\tat com.google.cloud.datastore.emulator.impl.firestore.CloudFirestoreV1WriteStream.onNext(CloudFirestoreV1WriteStream.java:27)\n\tat io.grpc.stub.ServerCalls$StreamingServerCallHandler$StreamingServerCallListener.onMessage(ServerCalls.java:262)\n\tat io.grpc.ForwardingServerCallListener.onMessage(ForwardingServerCallListener.java:33)\n\tat io.grpc.Contexts$ContextualizedServerCallListener.onMessage(Contexts.java:76)\n\tat io.grpc.ForwardingServerCallListener.onMessage(ForwardingServerCallListener.java:33)\n\tat io.grpc.Contexts$ContextualizedServerCallListener.onMessage(Contexts.java:76)\n\tat io.grpc.internal.ServerCallImpl$ServerStreamListenerImpl.messagesAvailableInternal(ServerCallImpl.java:334)\n\tat io.grpc.internal.ServerCallImpl$ServerStreamListenerImpl.messagesAvailable(ServerCallImpl.java:319)\n\tat io.grpc.internal.ServerImpl$JumpToApplicationThreadServerStreamListener$1MessagesAvailable.runInContext(ServerImpl.java:834)\n\tat io.grpc.internal.ContextRunnable.run(ContextRunnable.java:37)\n\tat io.grpc.internal.SerializingExecutor.run(SerializingExecutor.java:133)\n\tat java.base/java.util.concurrent.ThreadPoolExecutor.runWorker(ThreadPoolExecutor.java:1144)\n\tat java.base/java.util.concurrent.ThreadPoolExecutor$Worker.run(ThreadPoolExecutor.java:642)\n\tat java.base/java.lang.Thread.run(Thread.java:1583)\n\n"}}
[debug] [2026-08-12T08:44:52.694Z] Aug 12, 2026 8:44:52 AM com.google.cloud.datastore.emulator.impl.util.WrappedStreamObserver onError
WARNING: Operation failed: 
false for 'update' @ L99, evaluation error at L123:34 for 'update' @ L123, false for 'update' @ L99, false for 'update' @ L123
com.google.cloud.datastore.core.exception.DatastoreException: 
false for 'update' @ L99, evaluation error at L123:34 for 'update' @ L123, false for 'update' @ L99, false for 'update' @ L123
	at com.google.cloud.datastore.core.exception.DatastoreException$Builder.build(DatastoreException.java:152)
	at com.google.cloud.datastore.emulator.impl.rules.DefaultEmulatorRulesAuthorizer.verboseError(DefaultEmulatorRulesAuthorizer.java:349)
	at com.google.cloud.datastore.emulator.impl.rules.DefaultEmulatorRulesAuthorizer.withVerboseErrors(DefaultEmulatorRulesAuthorizer.java:326)
	at com.google.cloud.datastore.emulator.impl.rules.DefaultEmulatorRulesAuthorizer.checkCommit(DefaultEmulatorRulesAuthorizer.java:114)
	at com.google.cloud.datastore.emulator.impl.firestore.FirestoreEmulatorHelper.commitHelper(FirestoreEmulatorHelper.java:386)
	at com.google.cloud.datastore.emulator.impl.firestore.FirestoreEmulatorHelper.internalCommit(FirestoreEmulatorHelper.java:336)
	at com.google.cloud.datastore.emulator.impl.firestore.CloudFirestoreV1.internalCommit(CloudFirestoreV1.java:1245)
	at com.google.cloud.datastore.emulator.impl.firestore.CloudFirestoreV1.write(CloudFirestoreV1.java:1232)
	at com.google.cloud.datastore.emulator.impl.firestore.CloudFirestoreV1WriteStream.handleRequest(CloudFirestoreV1WriteStream.java:222)
	at com.google.cloud.datastore.emulator.impl.firestore.CloudFirestoreV1WriteStream.write(CloudFirestoreV1WriteStream.java:144)
	at com.google.cloud.datastore.emulator.impl.firestore.CloudFirestoreV1WriteStream.onNext(CloudFirestoreV1WriteStream.java:99)
	at com.google.cloud.datastore.emulator.impl.firestore.CloudFirestoreV1WriteStream.onNext(CloudFirestoreV1WriteStream.java:27)
	at io.grpc.stub.ServerCalls$StreamingServerCallHandler$StreamingServerCallListener.onMessage(ServerCalls.java:262)
	at io.grpc.ForwardingServerCallListener.onMessage(ForwardingServerCallListener.java:33)
	at io.grpc.Contexts$ContextualizedServerCallListener.onMessage(Contexts.java:76)
	at io.grpc.ForwardingServerCallListener.onMessage(ForwardingServerCallListener.java:33)
	at io.grpc.Contexts$ContextualizedServerCallListener.onMessage(Contexts.java:76)
	at io.grpc.internal.ServerCallImpl$ServerStreamListenerImpl.messagesAvailableInternal(ServerCallImpl.java:334)
	at io.grpc.internal.ServerCallImpl$ServerStreamListenerImpl.messagesAvailable(ServerCallImpl.java:319)
	at io.grpc.internal.ServerImpl$JumpToApplicationThreadServerStreamListener$1MessagesAvailable.runInContext(ServerImpl.java:834)
	at io.grpc.internal.ContextRunnable.run(ContextRunnable.java:37)
	at io.grpc.internal.SerializingExecutor.run(SerializingExecutor.java:133)
	at java.base/java.util.concurrent.ThreadPoolExecutor.runWorker(ThreadPoolExecutor.java:1144)
	at java.base/java.util.concurrent.ThreadPoolExecutor$Worker.run(ThreadPoolExecutor.java:642)
	at java.base/java.lang.Thread.run(Thread.java:1583)

 {"metadata":{"emulator":{"name":"firestore"},"message":"Aug 12, 2026 8:44:52 AM com.google.cloud.datastore.emulator.impl.util.WrappedStreamObserver onError\nWARNING: Operation failed: \nfalse for 'update' @ L99, evaluation error at L123:34 for 'update' @ L123, false for 'update' @ L99, false for 'update' @ L123\ncom.google.cloud.datastore.core.exception.DatastoreException: \nfalse for 'update' @ L99, evaluation error at L123:34 for 'update' @ L123, false for 'update' @ L99, false for 'update' @ L123\n\tat com.google.cloud.datastore.core.exception.DatastoreException$Builder.build(DatastoreException.java:152)\n\tat com.google.cloud.datastore.emulator.impl.rules.DefaultEmulatorRulesAuthorizer.verboseError(DefaultEmulatorRulesAuthorizer.java:349)\n\tat com.google.cloud.datastore.emulator.impl.rules.DefaultEmulatorRulesAuthorizer.withVerboseErrors(DefaultEmulatorRulesAuthorizer.java:326)\n\tat com.google.cloud.datastore.emulator.impl.rules.DefaultEmulatorRulesAuthorizer.checkCommit(DefaultEmulatorRulesAuthorizer.java:114)\n\tat com.google.cloud.datastore.emulator.impl.firestore.FirestoreEmulatorHelper.commitHelper(FirestoreEmulatorHelper.java:386)\n\tat com.google.cloud.datastore.emulator.impl.firestore.FirestoreEmulatorHelper.internalCommit(FirestoreEmulatorHelper.java:336)\n\tat com.google.cloud.datastore.emulator.impl.firestore.CloudFirestoreV1.internalCommit(CloudFirestoreV1.java:1245)\n\tat com.google.cloud.datastore.emulator.impl.firestore.CloudFirestoreV1.write(CloudFirestoreV1.java:1232)\n\tat com.google.cloud.datastore.emulator.impl.firestore.CloudFirestoreV1WriteStream.handleRequest(CloudFirestoreV1WriteStream.java:222)\n\tat com.google.cloud.datastore.emulator.impl.firestore.CloudFirestoreV1WriteStream.write(CloudFirestoreV1WriteStream.java:144)\n\tat com.google.cloud.datastore.emulator.impl.firestore.CloudFirestoreV1WriteStream.onNext(CloudFirestoreV1WriteStream.java:99)\n\tat com.google.cloud.datastore.emulator.impl.firestore.CloudFirestoreV1WriteStream.onNext(CloudFirestoreV1WriteStream.java:27)\n\tat io.grpc.stub.ServerCalls$StreamingServerCallHandler$StreamingServerCallListener.onMessage(ServerCalls.java:262)\n\tat io.grpc.ForwardingServerCallListener.onMessage(ForwardingServerCallListener.java:33)\n\tat io.grpc.Contexts$ContextualizedServerCallListener.onMessage(Contexts.java:76)\n\tat io.grpc.ForwardingServerCallListener.onMessage(ForwardingServerCallListener.java:33)\n\tat io.grpc.Contexts$ContextualizedServerCallListener.onMessage(Contexts.java:76)\n\tat io.grpc.internal.ServerCallImpl$ServerStreamListenerImpl.messagesAvailableInternal(ServerCallImpl.java:334)\n\tat io.grpc.internal.ServerCallImpl$ServerStreamListenerImpl.messagesAvailable(ServerCallImpl.java:319)\n\tat io.grpc.internal.ServerImpl$JumpToApplicationThreadServerStreamListener$1MessagesAvailable.runInContext(ServerImpl.java:834)\n\tat io.grpc.internal.ContextRunnable.run(ContextRunnable.java:37)\n\tat io.grpc.internal.SerializingExecutor.run(SerializingExecutor.java:133)\n\tat java.base/java.util.concurrent.ThreadPoolExecutor.runWorker(ThreadPoolExecutor.java:1144)\n\tat java.base/java.util.concurrent.ThreadPoolExecutor$Worker.run(ThreadPoolExecutor.java:642)\n\tat java.base/java.lang.Thread.run(Thread.java:1583)\n\n"}}
[debug] [2026-08-12T08:44:53.130Z] Aug 12, 2026 8:44:53 AM com.google.cloud.datastore.emulator.impl.util.WrappedStreamObserver onError
WARNING: Operation failed: 
false for 'create' @ L99, evaluation error at L129:26 for 'create' @ L129, false for 'update' @ L99, evaluation error at L133:26 for 'update' @ L133, false for 'create' @ L99, Function not found error: Name: [contains]. for 'create' @ L129
com.google.cloud.datastore.core.exception.DatastoreException: 
false for 'create' @ L99, evaluation error at L129:26 for 'create' @ L129, false for 'update' @ L99, evaluation error at L133:26 for 'update' @ L133, false for 'create' @ L99, Function not found error: Name: [contains]. for 'create' @ L129
	at com.google.cloud.datastore.core.exception.DatastoreException$Builder.build(DatastoreException.java:152)
	at com.google.cloud.datastore.emulator.impl.rules.DefaultEmulatorRulesAuthorizer.verboseError(DefaultEmulatorRulesAuthorizer.java:349)
	at com.google.cloud.datastore.emulator.impl.rules.DefaultEmulatorRulesAuthorizer.withVerboseErrors(DefaultEmulatorRulesAuthorizer.java:326)
	at com.google.cloud.datastore.emulator.impl.rules.DefaultEmulatorRulesAuthorizer.checkCommit(DefaultEmulatorRulesAuthorizer.java:114)
	at com.google.cloud.datastore.emulator.impl.firestore.FirestoreEmulatorHelper.commitHelper(FirestoreEmulatorHelper.java:386)
	at com.google.cloud.datastore.emulator.impl.firestore.FirestoreEmulatorHelper.internalCommit(FirestoreEmulatorHelper.java:336)
	at com.google.cloud.datastore.emulator.impl.firestore.CloudFirestoreV1.internalCommit(CloudFirestoreV1.java:1245)
	at com.google.cloud.datastore.emulator.impl.firestore.CloudFirestoreV1.write(CloudFirestoreV1.java:1232)
	at com.google.cloud.datastore.emulator.impl.firestore.CloudFirestoreV1WriteStream.handleRequest(CloudFirestoreV1WriteStream.java:222)
	at com.google.cloud.datastore.emulator.impl.firestore.CloudFirestoreV1WriteStream.write(CloudFirestoreV1WriteStream.java:144)
	at com.google.cloud.datastore.emulator.impl.firestore.CloudFirestoreV1WriteStream.onNext(CloudFirestoreV1WriteStream.java:99)
	at com.google.cloud.datastore.emulator.impl.firestore.CloudFirestoreV1WriteStream.onNext(CloudFirestoreV1WriteStream.java:27)
	at io.grpc.stub.ServerCalls$StreamingServerCallHandler$StreamingServerCallListener.onMessage(ServerCalls.java:262)
	at io.grpc.ForwardingServerCallListener.onMessage(ForwardingServerCallListener.java:33)
	at io.grpc.Contexts$ContextualizedServerCallListener.onMessage(Contexts.java:76)
	at io.grpc.ForwardingServerCallListener.onMessage(ForwardingServerCallListener.java:33)
	at io.grpc.Contexts$ContextualizedServerCallListener.onMessage(Contexts.java:76)
	at io.grpc.internal.ServerCallImpl$ServerStreamListenerImpl.messagesAvailableInternal(ServerCallImpl.java:334)
	at io.grpc.internal.ServerCallImpl$ServerStreamListenerImpl.messagesAvailable(ServerCallImpl.java:319)
	at io.grpc.internal.ServerImpl$JumpToApplicationThreadServerStreamListener$1MessagesAvailable.runInContext(ServerImpl.java:834)
	at io.grpc.internal.ContextRunnable.run(ContextRunnable.java:37)
	at io.grpc.internal.SerializingExecutor.run(SerializingExecutor.java:133)
	at java.base/java.util.concurrent.ThreadPoolExecutor.runWorker(ThreadPoolExecutor.java:1144)
	at java.base/java.util.concurrent.ThreadPoolExecutor$Worker.run(ThreadPoolExecutor.java:642)
	at java.base/java.lang.Thread.run(Thread.java:1583)
Caused by: com.google.firebase.rules.runtime.common.EvaluationException: Error:  line [85], column [16]. Function not found error: Name: [contains].
	at com.google.firebase.rules.runtime.impl.DefaultEvaluator$TransformEvaluationException.apply(DefaultEvaluator.java:275)
	at com.google.firebase.rules.runtime.impl.DefaultEvaluator$TransformEvaluationException.apply(DefaultEvaluator.java:261)
	at com.google.common.util.concurrent.AbstractCatchingFuture$AsyncCatchingFuture.doFallback(AbstractCatchingFuture.java:207)
	at com.google.common.util.concurrent.AbstractCatchingFuture$AsyncCatchingFuture.doFallback(AbstractCatchingFuture.java:194)
	at com.google.common.util.concurrent.AbstractCatchingFuture.run(AbstractCatchingFuture.java:136)
	at com.google.common.util.concurrent.DirectExecutor.execute(DirectExecutor.java:30)
	at com.google.common.util.concurrent.AbstractFuture.executeListener(AbstractFuture.java:1024)
	at com.google.common.util.concurrent.AbstractFuture.addListener(AbstractFuture.java:486)
	at com.google.common.util.concurrent.FluentFuture$TrustedFuture.addListener(FluentFuture.java:122)
	at com.google.common.util.concurrent.AbstractCatchingFuture.createAsync(AbstractCatchingFuture.java:58)
	at com.google.common.util.concurrent.Futures.catchingAsync(Futures.java:409)
	at com.google.firebase.rules.runtime.impl.DefaultEvaluator.evaluate(DefaultEvaluator.java:177)
	at com.google.cloud.datastore.emulator.impl.rules.EmulatorRuleClient$EmulatorRuleEvaluator.evaluate(EmulatorRuleClient.java:88)
	at com.google.cloud.datastore.core.auth.rules.AsyncTwoPhaseRulesAuthorizer.lambda$fullEvaluate$0(AsyncTwoPhaseRulesAuthorizer.java:1001)
	at com.google.cloud.datastore.computation.Computation.tryCatch(Computation.java:469)
	at com.google.cloud.datastore.core.auth.rules.AsyncTwoPhaseRulesAuthorizer.fullEvaluate(AsyncTwoPhaseRulesAuthorizer.java:1000)
	at com.google.cloud.datastore.core.auth.rules.AsyncTwoPhaseRulesAuthorizer$CommitAuthorizerImpl.lambda$checkWrite$0(AsyncTwoPhaseRulesAuthorizer.java:1237)
	at com.google.cloud.datastore.computation.Computation.lambda$tryClose$1(Computation.java:738)
	at com.google.cloud.datastore.computation.Computation.tryCatch(Computation.java:469)
	at com.google.cloud.datastore.computation.Computation.tryFinally(Computation.java:705)
	at com.google.cloud.datastore.computation.Computation.tryFinally(Computation.java:711)
	at com.google.cloud.datastore.computation.Computation.tryClose(Computation.java:738)
	at com.google.cloud.datastore.core.auth.rules.AsyncTwoPhaseRulesAuthorizer$CommitAuthorizerImpl.checkWrite(AsyncTwoPhaseRulesAuthorizer.java:1206)
	at com.google.cloud.datastore.emulator.impl.rules.DefaultEmulatorRulesAuthorizer.lambda$checkCommit$2(DefaultEmulatorRulesAuthorizer.java:125)
	at com.google.cloud.datastore.computation.Computation.run(Computation.java:81)
	at com.google.cloud.datastore.computation.Computation$Terminated.toFuture(Computation.java:947)
	at com.google.cloud.datastore.computation.Computation.toFuture(Computation.java:92)
	at com.google.cloud.datastore.emulator.impl.rules.DefaultEmulatorRulesAuthorizer.finish(DefaultEmulatorRulesAuthorizer.java:308)
	at com.google.cloud.datastore.emulator.impl.rules.DefaultEmulatorRulesAuthorizer.lambda$checkCommit$0(DefaultEmulatorRulesAuthorizer.java:123)
	at com.google.cloud.datastore.emulator.impl.rules.DefaultEmulatorRulesAuthorizer.withVerboseErrors(DefaultEmulatorRulesAuthorizer.java:321)
	... 22 more

 {"metadata":{"emulator":{"name":"firestore"},"message":"Aug 12, 2026 8:44:53 AM com.google.cloud.datastore.emulator.impl.util.WrappedStreamObserver onError\nWARNING: Operation failed: \nfalse for 'create' @ L99, evaluation error at L129:26 for 'create' @ L129, false for 'update' @ L99, evaluation error at L133:26 for 'update' @ L133, false for 'create' @ L99, Function not found error: Name: [contains]. for 'create' @ L129\ncom.google.cloud.datastore.core.exception.DatastoreException: \nfalse for 'create' @ L99, evaluation error at L129:26 for 'create' @ L129, false for 'update' @ L99, evaluation error at L133:26 for 'update' @ L133, false for 'create' @ L99, Function not found error: Name: [contains]. for 'create' @ L129\n\tat com.google.cloud.datastore.core.exception.DatastoreException$Builder.build(DatastoreException.java:152)\n\tat com.google.cloud.datastore.emulator.impl.rules.DefaultEmulatorRulesAuthorizer.verboseError(DefaultEmulatorRulesAuthorizer.java:349)\n\tat com.google.cloud.datastore.emulator.impl.rules.DefaultEmulatorRulesAuthorizer.withVerboseErrors(DefaultEmulatorRulesAuthorizer.java:326)\n\tat com.google.cloud.datastore.emulator.impl.rules.DefaultEmulatorRulesAuthorizer.checkCommit(DefaultEmulatorRulesAuthorizer.java:114)\n\tat com.google.cloud.datastore.emulator.impl.firestore.FirestoreEmulatorHelper.commitHelper(FirestoreEmulatorHelper.java:386)\n\tat com.google.cloud.datastore.emulator.impl.firestore.FirestoreEmulatorHelper.internalCommit(FirestoreEmulatorHelper.java:336)\n\tat com.google.cloud.datastore.emulator.impl.firestore.CloudFirestoreV1.internalCommit(CloudFirestoreV1.java:1245)\n\tat com.google.cloud.datastore.emulator.impl.firestore.CloudFirestoreV1.write(CloudFirestoreV1.java:1232)\n\tat com.google.cloud.datastore.emulator.impl.firestore.CloudFirestoreV1WriteStream.handleRequest(CloudFirestoreV1WriteStream.java:222)\n\tat com.google.cloud.datastore.emulator.impl.firestore.CloudFirestoreV1WriteStream.write(CloudFirestoreV1WriteStream.java:144)\n\tat com.google.cloud.datastore.emulator.impl.firestore.CloudFirestoreV1WriteStream.onNext(CloudFirestoreV1WriteStream.java:99)\n\tat com.google.cloud.datastore.emulator.impl.firestore.CloudFirestoreV1WriteStream.onNext(CloudFirestoreV1WriteStream.java:27)\n\tat io.grpc.stub.ServerCalls$StreamingServerCallHandler$StreamingServerCallListener.onMessage(ServerCalls.java:262)\n\tat io.grpc.ForwardingServerCallListener.onMessage(ForwardingServerCallListener.java:33)\n\tat io.grpc.Contexts$ContextualizedServerCallListener.onMessage(Contexts.java:76)\n\tat io.grpc.ForwardingServerCallListener.onMessage(ForwardingServerCallListener.java:33)\n\tat io.grpc.Contexts$ContextualizedServerCallListener.onMessage(Contexts.java:76)\n\tat io.grpc.internal.ServerCallImpl$ServerStreamListenerImpl.messagesAvailableInternal(ServerCallImpl.java:334)\n\tat io.grpc.internal.ServerCallImpl$ServerStreamListenerImpl.messagesAvailable(ServerCallImpl.java:319)\n\tat io.grpc.internal.ServerImpl$JumpToApplicationThreadServerStreamListener$1MessagesAvailable.runInContext(ServerImpl.java:834)\n\tat io.grpc.internal.ContextRunnable.run(ContextRunnable.java:37)\n\tat io.grpc.internal.SerializingExecutor.run(SerializingExecutor.java:133)\n\tat java.base/java.util.concurrent.ThreadPoolExecutor.runWorker(ThreadPoolExecutor.java:1144)\n\tat java.base/java.util.concurrent.ThreadPoolExecutor$Worker.run(ThreadPoolExecutor.java:642)\n\tat java.base/java.lang.Thread.run(Thread.java:1583)\nCaused by: com.google.firebase.rules.runtime.common.EvaluationException: Error:  line [85], column [16]. Function not found error: Name: [contains].\n\tat com.google.firebase.rules.runtime.impl.DefaultEvaluator$TransformEvaluationException.apply(DefaultEvaluator.java:275)\n\tat com.google.firebase.rules.runtime.impl.DefaultEvaluator$TransformEvaluationException.apply(DefaultEvaluator.java:261)\n\tat com.google.common.util.concurrent.AbstractCatchingFuture$AsyncCatchingFuture.doFallback(AbstractCatchingFuture.java:207)\n\tat com.google.common.util.concurrent.AbstractCatchingFuture$AsyncCatchingFuture.doFallback(AbstractCatchingFuture.java:194)\n\tat com.google.common.util.concurrent.AbstractCatchingFuture.run(AbstractCatchingFuture.java:136)\n\tat com.google.common.util.concurrent.DirectExecutor.execute(DirectExecutor.java:30)\n\tat com.google.common.util.concurrent.AbstractFuture.executeListener(AbstractFuture.java:1024)\n\tat com.google.common.util.concurrent.AbstractFuture.addListener(AbstractFuture.java:486)\n\tat com.google.common.util.concurrent.FluentFuture$TrustedFuture.addListener(FluentFuture.java:122)\n\tat com.google.common.util.concurrent.AbstractCatchingFuture.createAsync(AbstractCatchingFuture.java:58)\n\tat com.google.common.util.concurrent.Futures.catchingAsync(Futures.java:409)\n\tat com.google.firebase.rules.runtime.impl.DefaultEvaluator.evaluate(DefaultEvaluator.java:177)\n\tat com.google.cloud.datastore.emulator.impl.rules.EmulatorRuleClient$EmulatorRuleEvaluator.evaluate(EmulatorRuleClient.java:88)\n\tat com.google.cloud.datastore.core.auth.rules.AsyncTwoPhaseRulesAuthorizer.lambda$fullEvaluate$0(AsyncTwoPhaseRulesAuthorizer.java:1001)\n\tat com.google.cloud.datastore.computation.Computation.tryCatch(Computation.java:469)\n\tat com.google.cloud.datastore.core.auth.rules.AsyncTwoPhaseRulesAuthorizer.fullEvaluate(AsyncTwoPhaseRulesAuthorizer.java:1000)\n\tat com.google.cloud.datastore.core.auth.rules.AsyncTwoPhaseRulesAuthorizer$CommitAuthorizerImpl.lambda$checkWrite$0(AsyncTwoPhaseRulesAuthorizer.java:1237)\n\tat com.google.cloud.datastore.computation.Computation.lambda$tryClose$1(Computation.java:738)\n\tat com.google.cloud.datastore.computation.Computation.tryCatch(Computation.java:469)\n\tat com.google.cloud.datastore.computation.Computation.tryFinally(Computation.java:705)\n\tat com.google.cloud.datastore.computation.Computation.tryFinally(Computation.java:711)\n\tat com.google.cloud.datastore.computation.Computation.tryClose(Computation.java:738)\n\tat com.google.cloud.datastore.core.auth.rules.AsyncTwoPhaseRulesAuthorizer$CommitAuthorizerImpl.checkWrite(AsyncTwoPhaseRulesAuthorizer.java:1206)\n\tat com.google.cloud.datastore.emulator.impl.rules.DefaultEmulatorRulesAuthorizer.lambda$checkCommit$2(DefaultEmulatorRulesAuthorizer.java:125)\n\tat com.google.cloud.datastore.computation.Computation.run(Computation.java:81)\n\tat com.google.cloud.datastore.computation.Computation$Terminated.toFuture(Computation.java:947)\n\tat com.google.cloud.datastore.computation.Computation.toFuture(Computation.java:92)\n\tat com.google.cloud.datastore.emulator.impl.rules.DefaultEmulatorRulesAuthorizer.finish(DefaultEmulatorRulesAuthorizer.java:308)\n\tat com.google.cloud.datastore.emulator.impl.rules.DefaultEmulatorRulesAuthorizer.lambda$checkCommit$0(DefaultEmulatorRulesAuthorizer.java:123)\n\tat com.google.cloud.datastore.emulator.impl.rules.DefaultEmulatorRulesAuthorizer.withVerboseErrors(DefaultEmulatorRulesAuthorizer.java:321)\n\t... 22 more\n\n"}}
[debug] [2026-08-12T08:44:53.265Z] Aug 12, 2026 8:44:53 AM com.google.cloud.datastore.emulator.impl.util.WrappedStreamObserver onError
WARNING: Operation failed: 
false for 'create' @ L99, evaluation error at L129:26 for 'create' @ L129, false for 'update' @ L99, evaluation error at L133:26 for 'update' @ L133, false for 'create' @ L99, Function not found error: Name: [contains]. for 'create' @ L129
com.google.cloud.datastore.core.exception.DatastoreException: 
false for 'create' @ L99, evaluation error at L129:26 for 'create' @ L129, false for 'update' @ L99, evaluation error at L133:26 for 'update' @ L133, false for 'create' @ L99, Function not found error: Name: [contains]. for 'create' @ L129
	at com.google.cloud.datastore.core.exception.DatastoreException$Builder.build(DatastoreException.java:152)
	at com.google.cloud.datastore.emulator.impl.rules.DefaultEmulatorRulesAuthorizer.verboseError(DefaultEmulatorRulesAuthorizer.java:349)
	at com.google.cloud.datastore.emulator.impl.rules.DefaultEmulatorRulesAuthorizer.withVerboseErrors(DefaultEmulatorRulesAuthorizer.java:326)
	at com.google.cloud.datastore.emulator.impl.rules.DefaultEmulatorRulesAuthorizer.checkCommit(DefaultEmulatorRulesAuthorizer.java:114)
	at com.google.cloud.datastore.emulator.impl.firestore.FirestoreEmulatorHelper.commitHelper(FirestoreEmulatorHelper.java:386)
	at com.google.cloud.datastore.emulator.impl.firestore.FirestoreEmulatorHelper.internalCommit(FirestoreEmulatorHelper.java:336)
	at com.google.cloud.datastore.emulator.impl.firestore.CloudFirestoreV1.internalCommit(CloudFirestoreV1.java:1245)
	at com.google.cloud.datastore.emulator.impl.firestore.CloudFirestoreV1.write(CloudFirestoreV1.java:1232)
	at com.google.cloud.datastore.emulator.impl.firestore.CloudFirestoreV1WriteStream.handleRequest(CloudFirestoreV1WriteStream.java:222)
	at com.google.cloud.datastore.emulator.impl.firestore.CloudFirestoreV1WriteStream.write(CloudFirestoreV1WriteStream.java:144)
	at com.google.cloud.datastore.emulator.impl.firestore.CloudFirestoreV1WriteStream.onNext(CloudFirestoreV1WriteStream.java:99)
	at com.google.cloud.datastore.emulator.impl.firestore.CloudFirestoreV1WriteStream.onNext(CloudFirestoreV1WriteStream.java:27)
	at io.grpc.stub.ServerCalls$StreamingServerCallHandler$StreamingServerCallListener.onMessage(ServerCalls.java:262)
	at io.grpc.ForwardingServerCallListener.onMessage(ForwardingServerCallListener.java:33)
	at io.grpc.Contexts$ContextualizedServerCallListener.onMessage(Contexts.java:76)
	at io.grpc.ForwardingServerCallListener.onMessage(ForwardingServerCallListener.java:33)
	at io.grpc.Contexts$ContextualizedServerCallListener.onMessage(Contexts.java:76)
	at io.grpc.internal.ServerCallImpl$ServerStreamListenerImpl.messagesAvailableInternal(ServerCallImpl.java:334)
	at io.grpc.internal.ServerCallImpl$ServerStreamListenerImpl.messagesAvailable(ServerCallImpl.java:319)
	at io.grpc.internal.ServerImpl$JumpToApplicationThreadServerStreamListener$1MessagesAvailable.runInContext(ServerImpl.java:834)
	at io.grpc.internal.ContextRunnable.run(ContextRunnable.java:37)
	at io.grpc.internal.SerializingExecutor.run(SerializingExecutor.java:133)
	at java.base/java.util.concurrent.ThreadPoolExecutor.runWorker(ThreadPoolExecutor.java:1144)
	at java.base/java.util.concurrent.ThreadPoolExecutor$Worker.run(ThreadPoolExecutor.java:642)
	at java.base/java.lang.Thread.run(Thread.java:1583)
Caused by: com.google.firebase.rules.runtime.common.EvaluationException: Error:  line [85], column [16]. Function not found error: Name: [contains].
	at com.google.firebase.rules.runtime.impl.DefaultEvaluator$TransformEvaluationException.apply(DefaultEvaluator.java:275)
	at com.google.firebase.rules.runtime.impl.DefaultEvaluator$TransformEvaluationException.apply(DefaultEvaluator.java:261)
	at com.google.common.util.concurrent.AbstractCatchingFuture$AsyncCatchingFuture.doFallback(AbstractCatchingFuture.java:207)
	at com.google.common.util.concurrent.AbstractCatchingFuture$AsyncCatchingFuture.doFallback(AbstractCatchingFuture.java:194)
	at com.google.common.util.concurrent.AbstractCatchingFuture.run(AbstractCatchingFuture.java:136)
	at com.google.common.util.concurrent.DirectExecutor.execute(DirectExecutor.java:30)
	at com.google.common.util.concurrent.AbstractFuture.executeListener(AbstractFuture.java:1024)
	at com.google.common.util.concurrent.AbstractFuture.addListener(AbstractFuture.java:486)
	at com.google.common.util.concurrent.FluentFuture$TrustedFuture.addListener(FluentFuture.java:122)
	at com.google.common.util.concurrent.AbstractCatchingFuture.createAsync(AbstractCatchingFuture.java:58)
	at com.google.common.util.concurrent.Futures.catchingAsync(Futures.java:409)
	at com.google.firebase.rules.runtime.impl.DefaultEvaluator.evaluate(DefaultEvaluator.java:177)
	at com.google.cloud.datastore.emulator.impl.rules.EmulatorRuleClient$EmulatorRuleEvaluator.evaluate(EmulatorRuleClient.java:88)
	at com.google.cloud.datastore.core.auth.rules.AsyncTwoPhaseRulesAuthorizer.lambda$fullEvaluate$0(AsyncTwoPhaseRulesAuthorizer.java:1001)
	at com.google.cloud.datastore.computation.Computation.tryCatch(Computation.java:469)
	at com.google.cloud.datastore.core.auth.rules.AsyncTwoPhaseRulesAuthorizer.fullEvaluate(AsyncTwoPhaseRulesAuthorizer.java:1000)
	at com.google.cloud.datastore.core.auth.rules.AsyncTwoPhaseRulesAuthorizer$CommitAuthorizerImpl.lambda$checkWrite$0(AsyncTwoPhaseRulesAuthorizer.java:1237)
	at com.google.cloud.datastore.computation.Computation.lambda$tryClose$1(Computation.java:738)
	at com.google.cloud.datastore.computation.Computation.tryCatch(Computation.java:469)
	at com.google.cloud.datastore.computation.Computation.tryFinally(Computation.java:705)
	at com.google.cloud.datastore.computation.Computation.tryFinally(Computation.java:711)
	at com.google.cloud.datastore.computation.Computation.tryClose(Computation.java:738)
	at com.google.cloud.datastore.core.auth.rules.AsyncTwoPhaseRulesAuthorizer$CommitAuthorizerImpl.checkWrite(AsyncTwoPhaseRulesAuthorizer.java:1206)
	at com.google.cloud.datastore.emulator.impl.rules.DefaultEmulatorRulesAuthorizer.lambda$checkCommit$2(DefaultEmulatorRulesAuthorizer.java:125)
	at com.google.cloud.datastore.computation.Computation.run(Computation.java:81)
	at com.google.cloud.datastore.computation.Computation$Terminated.toFuture(Computation.java:947)
	at com.google.cloud.datastore.computation.Computation.toFuture(Computation.java:92)
	at com.google.cloud.datastore.emulator.impl.rules.DefaultEmulatorRulesAuthorizer.finish(DefaultEmulatorRulesAuthorizer.java:308)
	at com.google.cloud.datastore.emulator.impl.rules.DefaultEmulatorRulesAuthorizer.lambda$checkCommit$0(DefaultEmulatorRulesAuthorizer.java:123)
	at com.google.cloud.datastore.emulator.impl.rules.DefaultEmulatorRulesAuthorizer.withVerboseErrors(DefaultEmulatorRulesAuthorizer.java:321)
	... 22 more

 {"metadata":{"emulator":{"name":"firestore"},"message":"Aug 12, 2026 8:44:53 AM com.google.cloud.datastore.emulator.impl.util.WrappedStreamObserver onError\nWARNING: Operation failed: \nfalse for 'create' @ L99, evaluation error at L129:26 for 'create' @ L129, false for 'update' @ L99, evaluation error at L133:26 for 'update' @ L133, false for 'create' @ L99, Function not found error: Name: [contains]. for 'create' @ L129\ncom.google.cloud.datastore.core.exception.DatastoreException: \nfalse for 'create' @ L99, evaluation error at L129:26 for 'create' @ L129, false for 'update' @ L99, evaluation error at L133:26 for 'update' @ L133, false for 'create' @ L99, Function not found error: Name: [contains]. for 'create' @ L129\n\tat com.google.cloud.datastore.core.exception.DatastoreException$Builder.build(DatastoreException.java:152)\n\tat com.google.cloud.datastore.emulator.impl.rules.DefaultEmulatorRulesAuthorizer.verboseError(DefaultEmulatorRulesAuthorizer.java:349)\n\tat com.google.cloud.datastore.emulator.impl.rules.DefaultEmulatorRulesAuthorizer.withVerboseErrors(DefaultEmulatorRulesAuthorizer.java:326)\n\tat com.google.cloud.datastore.emulator.impl.rules.DefaultEmulatorRulesAuthorizer.checkCommit(DefaultEmulatorRulesAuthorizer.java:114)\n\tat com.google.cloud.datastore.emulator.impl.firestore.FirestoreEmulatorHelper.commitHelper(FirestoreEmulatorHelper.java:386)\n\tat com.google.cloud.datastore.emulator.impl.firestore.FirestoreEmulatorHelper.internalCommit(FirestoreEmulatorHelper.java:336)\n\tat com.google.cloud.datastore.emulator.impl.firestore.CloudFirestoreV1.internalCommit(CloudFirestoreV1.java:1245)\n\tat com.google.cloud.datastore.emulator.impl.firestore.CloudFirestoreV1.write(CloudFirestoreV1.java:1232)\n\tat com.google.cloud.datastore.emulator.impl.firestore.CloudFirestoreV1WriteStream.handleRequest(CloudFirestoreV1WriteStream.java:222)\n\tat com.google.cloud.datastore.emulator.impl.firestore.CloudFirestoreV1WriteStream.write(CloudFirestoreV1WriteStream.java:144)\n\tat com.google.cloud.datastore.emulator.impl.firestore.CloudFirestoreV1WriteStream.onNext(CloudFirestoreV1WriteStream.java:99)\n\tat com.google.cloud.datastore.emulator.impl.firestore.CloudFirestoreV1WriteStream.onNext(CloudFirestoreV1WriteStream.java:27)\n\tat io.grpc.stub.ServerCalls$StreamingServerCallHandler$StreamingServerCallListener.onMessage(ServerCalls.java:262)\n\tat io.grpc.ForwardingServerCallListener.onMessage(ForwardingServerCallListener.java:33)\n\tat io.grpc.Contexts$ContextualizedServerCallListener.onMessage(Contexts.java:76)\n\tat io.grpc.ForwardingServerCallListener.onMessage(ForwardingServerCallListener.java:33)\n\tat io.grpc.Contexts$ContextualizedServerCallListener.onMessage(Contexts.java:76)\n\tat io.grpc.internal.ServerCallImpl$ServerStreamListenerImpl.messagesAvailableInternal(ServerCallImpl.java:334)\n\tat io.grpc.internal.ServerCallImpl$ServerStreamListenerImpl.messagesAvailable(ServerCallImpl.java:319)\n\tat io.grpc.internal.ServerImpl$JumpToApplicationThreadServerStreamListener$1MessagesAvailable.runInContext(ServerImpl.java:834)\n\tat io.grpc.internal.ContextRunnable.run(ContextRunnable.java:37)\n\tat io.grpc.internal.SerializingExecutor.run(SerializingExecutor.java:133)\n\tat java.base/java.util.concurrent.ThreadPoolExecutor.runWorker(ThreadPoolExecutor.java:1144)\n\tat java.base/java.util.concurrent.ThreadPoolExecutor$Worker.run(ThreadPoolExecutor.java:642)\n\tat java.base/java.lang.Thread.run(Thread.java:1583)\nCaused by: com.google.firebase.rules.runtime.common.EvaluationException: Error:  line [85], column [16]. Function not found error: Name: [contains].\n\tat com.google.firebase.rules.runtime.impl.DefaultEvaluator$TransformEvaluationException.apply(DefaultEvaluator.java:275)\n\tat com.google.firebase.rules.runtime.impl.DefaultEvaluator$TransformEvaluationException.apply(DefaultEvaluator.java:261)\n\tat com.google.common.util.concurrent.AbstractCatchingFuture$AsyncCatchingFuture.doFallback(AbstractCatchingFuture.java:207)\n\tat com.google.common.util.concurrent.AbstractCatchingFuture$AsyncCatchingFuture.doFallback(AbstractCatchingFuture.java:194)\n\tat com.google.common.util.concurrent.AbstractCatchingFuture.run(AbstractCatchingFuture.java:136)\n\tat com.google.common.util.concurrent.DirectExecutor.execute(DirectExecutor.java:30)\n\tat com.google.common.util.concurrent.AbstractFuture.executeListener(AbstractFuture.java:1024)\n\tat com.google.common.util.concurrent.AbstractFuture.addListener(AbstractFuture.java:486)\n\tat com.google.common.util.concurrent.FluentFuture$TrustedFuture.addListener(FluentFuture.java:122)\n\tat com.google.common.util.concurrent.AbstractCatchingFuture.createAsync(AbstractCatchingFuture.java:58)\n\tat com.google.common.util.concurrent.Futures.catchingAsync(Futures.java:409)\n\tat com.google.firebase.rules.runtime.impl.DefaultEvaluator.evaluate(DefaultEvaluator.java:177)\n\tat com.google.cloud.datastore.emulator.impl.rules.EmulatorRuleClient$EmulatorRuleEvaluator.evaluate(EmulatorRuleClient.java:88)\n\tat com.google.cloud.datastore.core.auth.rules.AsyncTwoPhaseRulesAuthorizer.lambda$fullEvaluate$0(AsyncTwoPhaseRulesAuthorizer.java:1001)\n\tat com.google.cloud.datastore.computation.Computation.tryCatch(Computation.java:469)\n\tat com.google.cloud.datastore.core.auth.rules.AsyncTwoPhaseRulesAuthorizer.fullEvaluate(AsyncTwoPhaseRulesAuthorizer.java:1000)\n\tat com.google.cloud.datastore.core.auth.rules.AsyncTwoPhaseRulesAuthorizer$CommitAuthorizerImpl.lambda$checkWrite$0(AsyncTwoPhaseRulesAuthorizer.java:1237)\n\tat com.google.cloud.datastore.computation.Computation.lambda$tryClose$1(Computation.java:738)\n\tat com.google.cloud.datastore.computation.Computation.tryCatch(Computation.java:469)\n\tat com.google.cloud.datastore.computation.Computation.tryFinally(Computation.java:705)\n\tat com.google.cloud.datastore.computation.Computation.tryFinally(Computation.java:711)\n\tat com.google.cloud.datastore.computation.Computation.tryClose(Computation.java:738)\n\tat com.google.cloud.datastore.core.auth.rules.AsyncTwoPhaseRulesAuthorizer$CommitAuthorizerImpl.checkWrite(AsyncTwoPhaseRulesAuthorizer.java:1206)\n\tat com.google.cloud.datastore.emulator.impl.rules.DefaultEmulatorRulesAuthorizer.lambda$checkCommit$2(DefaultEmulatorRulesAuthorizer.java:125)\n\tat com.google.cloud.datastore.computation.Computation.run(Computation.java:81)\n\tat com.google.cloud.datastore.computation.Computation$Terminated.toFuture(Computation.java:947)\n\tat com.google.cloud.datastore.computation.Computation.toFuture(Computation.java:92)\n\tat com.google.cloud.datastore.emulator.impl.rules.DefaultEmulatorRulesAuthorizer.finish(DefaultEmulatorRulesAuthorizer.java:308)\n\tat com.google.cloud.datastore.emulator.impl.rules.DefaultEmulatorRulesAuthorizer.lambda$checkCommit$0(DefaultEmulatorRulesAuthorizer.java:123)\n\tat com.google.cloud.datastore.emulator.impl.rules.DefaultEmulatorRulesAuthorizer.withVerboseErrors(DefaultEmulatorRulesAuthorizer.java:321)\n\t... 22 more\n\n"}}
[debug] [2026-08-12T08:44:53.390Z] Aug 12, 2026 8:44:53 AM com.google.cloud.datastore.emulator.impl.util.WrappedStreamObserver onError
WARNING: Operation failed: 
false for 'create' @ L99, evaluation error at L129:26 for 'create' @ L129, false for 'update' @ L99, evaluation error at L133:26 for 'update' @ L133, false for 'create' @ L99, Function not found error: Name: [contains]. for 'create' @ L129
com.google.cloud.datastore.core.exception.DatastoreException: 
false for 'create' @ L99, evaluation error at L129:26 for 'create' @ L129, false for 'update' @ L99, evaluation error at L133:26 for 'update' @ L133, false for 'create' @ L99, Function not found error: Name: [contains]. for 'create' @ L129
	at com.google.cloud.datastore.core.exception.DatastoreException$Builder.build(DatastoreException.java:152)
	at com.google.cloud.datastore.emulator.impl.rules.DefaultEmulatorRulesAuthorizer.verboseError(DefaultEmulatorRulesAuthorizer.java:349)
	at com.google.cloud.datastore.emulator.impl.rules.DefaultEmulatorRulesAuthorizer.withVerboseErrors(DefaultEmulatorRulesAuthorizer.java:326)
	at com.google.cloud.datastore.emulator.impl.rules.DefaultEmulatorRulesAuthorizer.checkCommit(DefaultEmulatorRulesAuthorizer.java:114)
	at com.google.cloud.datastore.emulator.impl.firestore.FirestoreEmulatorHelper.commitHelper(FirestoreEmulatorHelper.java:386)
	at com.google.cloud.datastore.emulator.impl.firestore.FirestoreEmulatorHelper.internalCommit(FirestoreEmulatorHelper.java:336)
	at com.google.cloud.datastore.emulator.impl.firestore.CloudFirestoreV1.internalCommit(CloudFirestoreV1.java:1245)
	at com.google.cloud.datastore.emulator.impl.firestore.CloudFirestoreV1.write(CloudFirestoreV1.java:1232)
	at com.google.cloud.datastore.emulator.impl.firestore.CloudFirestoreV1WriteStream.handleRequest(CloudFirestoreV1WriteStream.java:222)
	at com.google.cloud.datastore.emulator.impl.firestore.CloudFirestoreV1WriteStream.write(CloudFirestoreV1WriteStream.java:144)
	at com.google.cloud.datastore.emulator.impl.firestore.CloudFirestoreV1WriteStream.onNext(CloudFirestoreV1WriteStream.java:99)
	at com.google.cloud.datastore.emulator.impl.firestore.CloudFirestoreV1WriteStream.onNext(CloudFirestoreV1WriteStream.java:27)
	at io.grpc.stub.ServerCalls$StreamingServerCallHandler$StreamingServerCallListener.onMessage(ServerCalls.java:262)
	at io.grpc.ForwardingServerCallListener.onMessage(ForwardingServerCallListener.java:33)
	at io.grpc.Contexts$ContextualizedServerCallListener.onMessage(Contexts.java:76)
	at io.grpc.ForwardingServerCallListener.onMessage(ForwardingServerCallListener.java:33)
	at io.grpc.Contexts$ContextualizedServerCallListener.onMessage(Contexts.java:76)
	at io.grpc.internal.ServerCallImpl$ServerStreamListenerImpl.messagesAvailableInternal(ServerCallImpl.java:334)
	at io.grpc.internal.ServerCallImpl$ServerStreamListenerImpl.messagesAvailable(ServerCallImpl.java:319)
	at io.grpc.internal.ServerImpl$JumpToApplicationThreadServerStreamListener$1MessagesAvailable.runInContext(ServerImpl.java:834)
	at io.grpc.internal.ContextRunnable.run(ContextRunnable.java:37)
	at io.grpc.internal.SerializingExecutor.run(SerializingExecutor.java:133)
	at java.base/java.util.concurrent.ThreadPoolExecutor.runWorker(ThreadPoolExecutor.java:1144)
	at java.base/java.util.concurrent.ThreadPoolExecutor$Worker.run(ThreadPoolExecutor.java:642)
	at java.base/java.lang.Thread.run(Thread.java:1583)
Caused by: com.google.firebase.rules.runtime.common.EvaluationException: Error:  line [85], column [16]. Function not found error: Name: [contains].
	at com.google.firebase.rules.runtime.impl.DefaultEvaluator$TransformEvaluationException.apply(DefaultEvaluator.java:275)
	at com.google.firebase.rules.runtime.impl.DefaultEvaluator$TransformEvaluationException.apply(DefaultEvaluator.java:261)
	at com.google.common.util.concurrent.AbstractCatchingFuture$AsyncCatchingFuture.doFallback(AbstractCatchingFuture.java:207)
	at com.google.common.util.concurrent.AbstractCatchingFuture$AsyncCatchingFuture.doFallback(AbstractCatchingFuture.java:194)
	at com.google.common.util.concurrent.AbstractCatchingFuture.run(AbstractCatchingFuture.java:136)
	at com.google.common.util.concurrent.DirectExecutor.execute(DirectExecutor.java:30)
	at com.google.common.util.concurrent.AbstractFuture.executeListener(AbstractFuture.java:1024)
	at com.google.common.util.concurrent.AbstractFuture.addListener(AbstractFuture.java:486)
	at com.google.common.util.concurrent.FluentFuture$TrustedFuture.addListener(FluentFuture.java:122)
	at com.google.common.util.concurrent.AbstractCatchingFuture.createAsync(AbstractCatchingFuture.java:58)
	at com.google.common.util.concurrent.Futures.catchingAsync(Futures.java:409)
	at com.google.firebase.rules.runtime.impl.DefaultEvaluator.evaluate(DefaultEvaluator.java:177)
	at com.google.cloud.datastore.emulator.impl.rules.EmulatorRuleClient$EmulatorRuleEvaluator.evaluate(EmulatorRuleClient.java:88)
	at com.google.cloud.datastore.core.auth.rules.AsyncTwoPhaseRulesAuthorizer.lambda$fullEvaluate$0(AsyncTwoPhaseRulesAuthorizer.java:1001)
	at com.google.cloud.datastore.computation.Computation.tryCatch(Computation.java:469)
	at com.google.cloud.datastore.core.auth.rules.AsyncTwoPhaseRulesAuthorizer.fullEvaluate(AsyncTwoPhaseRulesAuthorizer.java:1000)
	at com.google.cloud.datastore.core.auth.rules.AsyncTwoPhaseRulesAuthorizer$CommitAuthorizerImpl.lambda$checkWrite$0(AsyncTwoPhaseRulesAuthorizer.java:1237)
	at com.google.cloud.datastore.computation.Computation.lambda$tryClose$1(Computation.java:738)
	at com.google.cloud.datastore.computation.Computation.tryCatch(Computation.java:469)
	at com.google.cloud.datastore.computation.Computation.tryFinally(Computation.java:705)
	at com.google.cloud.datastore.computation.Computation.tryFinally(Computation.java:711)
	at com.google.cloud.datastore.computation.Computation.tryClose(Computation.java:738)
	at com.google.cloud.datastore.core.auth.rules.AsyncTwoPhaseRulesAuthorizer$CommitAuthorizerImpl.checkWrite(AsyncTwoPhaseRulesAuthorizer.java:1206)
	at com.google.cloud.datastore.emulator.impl.rules.DefaultEmulatorRulesAuthorizer.lambda$checkCommit$2(DefaultEmulatorRulesAuthorizer.java:125)
	at com.google.cloud.datastore.computation.Computation.run(Computation.java:81)
	at com.google.cloud.datastore.computation.Computation$Terminated.toFuture(Computation.java:947)
	at com.google.cloud.datastore.computation.Computation.toFuture(Computation.java:92)
	at com.google.cloud.datastore.emulator.impl.rules.DefaultEmulatorRulesAuthorizer.finish(DefaultEmulatorRulesAuthorizer.java:308)
	at com.google.cloud.datastore.emulator.impl.rules.DefaultEmulatorRulesAuthorizer.lambda$checkCommit$0(DefaultEmulatorRulesAuthorizer.java:123)
	at com.google.cloud.datastore.emulator.impl.rules.DefaultEmulatorRulesAuthorizer.withVerboseErrors(DefaultEmulatorRulesAuthorizer.java:321)
	... 22 more

 {"metadata":{"emulator":{"name":"firestore"},"message":"Aug 12, 2026 8:44:53 AM com.google.cloud.datastore.emulator.impl.util.WrappedStreamObserver onError\nWARNING: Operation failed: \nfalse for 'create' @ L99, evaluation error at L129:26 for 'create' @ L129, false for 'update' @ L99, evaluation error at L133:26 for 'update' @ L133, false for 'create' @ L99, Function not found error: Name: [contains]. for 'create' @ L129\ncom.google.cloud.datastore.core.exception.DatastoreException: \nfalse for 'create' @ L99, evaluation error at L129:26 for 'create' @ L129, false for 'update' @ L99, evaluation error at L133:26 for 'update' @ L133, false for 'create' @ L99, Function not found error: Name: [contains]. for 'create' @ L129\n\tat com.google.cloud.datastore.core.exception.DatastoreException$Builder.build(DatastoreException.java:152)\n\tat com.google.cloud.datastore.emulator.impl.rules.DefaultEmulatorRulesAuthorizer.verboseError(DefaultEmulatorRulesAuthorizer.java:349)\n\tat com.google.cloud.datastore.emulator.impl.rules.DefaultEmulatorRulesAuthorizer.withVerboseErrors(DefaultEmulatorRulesAuthorizer.java:326)\n\tat com.google.cloud.datastore.emulator.impl.rules.DefaultEmulatorRulesAuthorizer.checkCommit(DefaultEmulatorRulesAuthorizer.java:114)\n\tat com.google.cloud.datastore.emulator.impl.firestore.FirestoreEmulatorHelper.commitHelper(FirestoreEmulatorHelper.java:386)\n\tat com.google.cloud.datastore.emulator.impl.firestore.FirestoreEmulatorHelper.internalCommit(FirestoreEmulatorHelper.java:336)\n\tat com.google.cloud.datastore.emulator.impl.firestore.CloudFirestoreV1.internalCommit(CloudFirestoreV1.java:1245)\n\tat com.google.cloud.datastore.emulator.impl.firestore.CloudFirestoreV1.write(CloudFirestoreV1.java:1232)\n\tat com.google.cloud.datastore.emulator.impl.firestore.CloudFirestoreV1WriteStream.handleRequest(CloudFirestoreV1WriteStream.java:222)\n\tat com.google.cloud.datastore.emulator.impl.firestore.CloudFirestoreV1WriteStream.write(CloudFirestoreV1WriteStream.java:144)\n\tat com.google.cloud.datastore.emulator.impl.firestore.CloudFirestoreV1WriteStream.onNext(CloudFirestoreV1WriteStream.java:99)\n\tat com.google.cloud.datastore.emulator.impl.firestore.CloudFirestoreV1WriteStream.onNext(CloudFirestoreV1WriteStream.java:27)\n\tat io.grpc.stub.ServerCalls$StreamingServerCallHandler$StreamingServerCallListener.onMessage(ServerCalls.java:262)\n\tat io.grpc.ForwardingServerCallListener.onMessage(ForwardingServerCallListener.java:33)\n\tat io.grpc.Contexts$ContextualizedServerCallListener.onMessage(Contexts.java:76)\n\tat io.grpc.ForwardingServerCallListener.onMessage(ForwardingServerCallListener.java:33)\n\tat io.grpc.Contexts$ContextualizedServerCallListener.onMessage(Contexts.java:76)\n\tat io.grpc.internal.ServerCallImpl$ServerStreamListenerImpl.messagesAvailableInternal(ServerCallImpl.java:334)\n\tat io.grpc.internal.ServerCallImpl$ServerStreamListenerImpl.messagesAvailable(ServerCallImpl.java:319)\n\tat io.grpc.internal.ServerImpl$JumpToApplicationThreadServerStreamListener$1MessagesAvailable.runInContext(ServerImpl.java:834)\n\tat io.grpc.internal.ContextRunnable.run(ContextRunnable.java:37)\n\tat io.grpc.internal.SerializingExecutor.run(SerializingExecutor.java:133)\n\tat java.base/java.util.concurrent.ThreadPoolExecutor.runWorker(ThreadPoolExecutor.java:1144)\n\tat java.base/java.util.concurrent.ThreadPoolExecutor$Worker.run(ThreadPoolExecutor.java:642)\n\tat java.base/java.lang.Thread.run(Thread.java:1583)\nCaused by: com.google.firebase.rules.runtime.common.EvaluationException: Error:  line [85], column [16]. Function not found error: Name: [contains].\n\tat com.google.firebase.rules.runtime.impl.DefaultEvaluator$TransformEvaluationException.apply(DefaultEvaluator.java:275)\n\tat com.google.firebase.rules.runtime.impl.DefaultEvaluator$TransformEvaluationException.apply(DefaultEvaluator.java:261)\n\tat com.google.common.util.concurrent.AbstractCatchingFuture$AsyncCatchingFuture.doFallback(AbstractCatchingFuture.java:207)\n\tat com.google.common.util.concurrent.AbstractCatchingFuture$AsyncCatchingFuture.doFallback(AbstractCatchingFuture.java:194)\n\tat com.google.common.util.concurrent.AbstractCatchingFuture.run(AbstractCatchingFuture.java:136)\n\tat com.google.common.util.concurrent.DirectExecutor.execute(DirectExecutor.java:30)\n\tat com.google.common.util.concurrent.AbstractFuture.executeListener(AbstractFuture.java:1024)\n\tat com.google.common.util.concurrent.AbstractFuture.addListener(AbstractFuture.java:486)\n\tat com.google.common.util.concurrent.FluentFuture$TrustedFuture.addListener(FluentFuture.java:122)\n\tat com.google.common.util.concurrent.AbstractCatchingFuture.createAsync(AbstractCatchingFuture.java:58)\n\tat com.google.common.util.concurrent.Futures.catchingAsync(Futures.java:409)\n\tat com.google.firebase.rules.runtime.impl.DefaultEvaluator.evaluate(DefaultEvaluator.java:177)\n\tat com.google.cloud.datastore.emulator.impl.rules.EmulatorRuleClient$EmulatorRuleEvaluator.evaluate(EmulatorRuleClient.java:88)\n\tat com.google.cloud.datastore.core.auth.rules.AsyncTwoPhaseRulesAuthorizer.lambda$fullEvaluate$0(AsyncTwoPhaseRulesAuthorizer.java:1001)\n\tat com.google.cloud.datastore.computation.Computation.tryCatch(Computation.java:469)\n\tat com.google.cloud.datastore.core.auth.rules.AsyncTwoPhaseRulesAuthorizer.fullEvaluate(AsyncTwoPhaseRulesAuthorizer.java:1000)\n\tat com.google.cloud.datastore.core.auth.rules.AsyncTwoPhaseRulesAuthorizer$CommitAuthorizerImpl.lambda$checkWrite$0(AsyncTwoPhaseRulesAuthorizer.java:1237)\n\tat com.google.cloud.datastore.computation.Computation.lambda$tryClose$1(Computation.java:738)\n\tat com.google.cloud.datastore.computation.Computation.tryCatch(Computation.java:469)\n\tat com.google.cloud.datastore.computation.Computation.tryFinally(Computation.java:705)\n\tat com.google.cloud.datastore.computation.Computation.tryFinally(Computation.java:711)\n\tat com.google.cloud.datastore.computation.Computation.tryClose(Computation.java:738)\n\tat com.google.cloud.datastore.core.auth.rules.AsyncTwoPhaseRulesAuthorizer$CommitAuthorizerImpl.checkWrite(AsyncTwoPhaseRulesAuthorizer.java:1206)\n\tat com.google.cloud.datastore.emulator.impl.rules.DefaultEmulatorRulesAuthorizer.lambda$checkCommit$2(DefaultEmulatorRulesAuthorizer.java:125)\n\tat com.google.cloud.datastore.computation.Computation.run(Computation.java:81)\n\tat com.google.cloud.datastore.computation.Computation$Terminated.toFuture(Computation.java:947)\n\tat com.google.cloud.datastore.computation.Computation.toFuture(Computation.java:92)\n\tat com.google.cloud.datastore.emulator.impl.rules.DefaultEmulatorRulesAuthorizer.finish(DefaultEmulatorRulesAuthorizer.java:308)\n\tat com.google.cloud.datastore.emulator.impl.rules.DefaultEmulatorRulesAuthorizer.lambda$checkCommit$0(DefaultEmulatorRulesAuthorizer.java:123)\n\tat com.google.cloud.datastore.emulator.impl.rules.DefaultEmulatorRulesAuthorizer.withVerboseErrors(DefaultEmulatorRulesAuthorizer.java:321)\n\t... 22 more\n\n"}}
[debug] [2026-08-12T08:44:53.500Z] Aug 12, 2026 8:44:53 AM com.google.cloud.datastore.emulator.impl.util.WrappedStreamObserver onError
WARNING: Operation failed: 
false for 'create' @ L99, false for 'create' @ L129, false for 'update' @ L99, false for 'update' @ L133
com.google.cloud.datastore.core.exception.DatastoreException: 
false for 'create' @ L99, false for 'create' @ L129, false for 'update' @ L99, false for 'update' @ L133
	at com.google.cloud.datastore.core.exception.DatastoreException$Builder.build(DatastoreException.java:152)
	at com.google.cloud.datastore.emulator.impl.rules.DefaultEmulatorRulesAuthorizer.verboseError(DefaultEmulatorRulesAuthorizer.java:349)
	at com.google.cloud.datastore.emulator.impl.rules.DefaultEmulatorRulesAuthorizer.withVerboseErrors(DefaultEmulatorRulesAuthorizer.java:326)
	at com.google.cloud.datastore.emulator.impl.rules.DefaultEmulatorRulesAuthorizer.checkCommit(DefaultEmulatorRulesAuthorizer.java:114)
	at com.google.cloud.datastore.emulator.impl.firestore.FirestoreEmulatorHelper.commitHelper(FirestoreEmulatorHelper.java:386)
	at com.google.cloud.datastore.emulator.impl.firestore.FirestoreEmulatorHelper.internalCommit(FirestoreEmulatorHelper.java:336)
	at com.google.cloud.datastore.emulator.impl.firestore.CloudFirestoreV1.internalCommit(CloudFirestoreV1.java:1245)
	at com.google.cloud.datastore.emulator.impl.firestore.CloudFirestoreV1.write(CloudFirestoreV1.java:1232)
	at com.google.cloud.datastore.emulator.impl.firestore.CloudFirestoreV1WriteStream.handleRequest(CloudFirestoreV1WriteStream.java:222)
	at com.google.cloud.datastore.emulator.impl.firestore.CloudFirestoreV1WriteStream.write(CloudFirestoreV1WriteStream.java:144)
	at com.google.cloud.datastore.emulator.impl.firestore.CloudFirestoreV1WriteStream.onNext(CloudFirestoreV1WriteStream.java:99)
	at com.google.cloud.datastore.emulator.impl.firestore.CloudFirestoreV1WriteStream.onNext(CloudFirestoreV1WriteStream.java:27)
	at io.grpc.stub.ServerCalls$StreamingServerCallHandler$StreamingServerCallListener.onMessage(ServerCalls.java:262)
	at io.grpc.ForwardingServerCallListener.onMessage(ForwardingServerCallListener.java:33)
	at io.grpc.Contexts$ContextualizedServerCallListener.onMessage(Contexts.java:76)
	at io.grpc.ForwardingServerCallListener.onMessage(ForwardingServerCallListener.java:33)
	at io.grpc.Contexts$ContextualizedServerCallListener.onMessage(Contexts.java:76)
	at io.grpc.internal.ServerCallImpl$ServerStreamListenerImpl.messagesAvailableInternal(ServerCallImpl.java:334)
	at io.grpc.internal.ServerCallImpl$ServerStreamListenerImpl.messagesAvailable(ServerCallImpl.java:319)
	at io.grpc.internal.ServerImpl$JumpToApplicationThreadServerStreamListener$1MessagesAvailable.runInContext(ServerImpl.java:834)
	at io.grpc.internal.ContextRunnable.run(ContextRunnable.java:37)
	at io.grpc.internal.SerializingExecutor.run(SerializingExecutor.java:133)
	at java.base/java.util.concurrent.ThreadPoolExecutor.runWorker(ThreadPoolExecutor.java:1144)
	at java.base/java.util.concurrent.ThreadPoolExecutor$Worker.run(ThreadPoolExecutor.java:642)
	at java.base/java.lang.Thread.run(Thread.java:1583)

 {"metadata":{"emulator":{"name":"firestore"},"message":"Aug 12, 2026 8:44:53 AM com.google.cloud.datastore.emulator.impl.util.WrappedStreamObserver onError\nWARNING: Operation failed: \nfalse for 'create' @ L99, false for 'create' @ L129, false for 'update' @ L99, false for 'update' @ L133\ncom.google.cloud.datastore.core.exception.DatastoreException: \nfalse for 'create' @ L99, false for 'create' @ L129, false for 'update' @ L99, false for 'update' @ L133\n\tat com.google.cloud.datastore.core.exception.DatastoreException$Builder.build(DatastoreException.java:152)\n\tat com.google.cloud.datastore.emulator.impl.rules.DefaultEmulatorRulesAuthorizer.verboseError(DefaultEmulatorRulesAuthorizer.java:349)\n\tat com.google.cloud.datastore.emulator.impl.rules.DefaultEmulatorRulesAuthorizer.withVerboseErrors(DefaultEmulatorRulesAuthorizer.java:326)\n\tat com.google.cloud.datastore.emulator.impl.rules.DefaultEmulatorRulesAuthorizer.checkCommit(DefaultEmulatorRulesAuthorizer.java:114)\n\tat com.google.cloud.datastore.emulator.impl.firestore.FirestoreEmulatorHelper.commitHelper(FirestoreEmulatorHelper.java:386)\n\tat com.google.cloud.datastore.emulator.impl.firestore.FirestoreEmulatorHelper.internalCommit(FirestoreEmulatorHelper.java:336)\n\tat com.google.cloud.datastore.emulator.impl.firestore.CloudFirestoreV1.internalCommit(CloudFirestoreV1.java:1245)\n\tat com.google.cloud.datastore.emulator.impl.firestore.CloudFirestoreV1.write(CloudFirestoreV1.java:1232)\n\tat com.google.cloud.datastore.emulator.impl.firestore.CloudFirestoreV1WriteStream.handleRequest(CloudFirestoreV1WriteStream.java:222)\n\tat com.google.cloud.datastore.emulator.impl.firestore.CloudFirestoreV1WriteStream.write(CloudFirestoreV1WriteStream.java:144)\n\tat com.google.cloud.datastore.emulator.impl.firestore.CloudFirestoreV1WriteStream.onNext(CloudFirestoreV1WriteStream.java:99)\n\tat com.google.cloud.datastore.emulator.impl.firestore.CloudFirestoreV1WriteStream.onNext(CloudFirestoreV1WriteStream.java:27)\n\tat io.grpc.stub.ServerCalls$StreamingServerCallHandler$StreamingServerCallListener.onMessage(ServerCalls.java:262)\n\tat io.grpc.ForwardingServerCallListener.onMessage(ForwardingServerCallListener.java:33)\n\tat io.grpc.Contexts$ContextualizedServerCallListener.onMessage(Contexts.java:76)\n\tat io.grpc.ForwardingServerCallListener.onMessage(ForwardingServerCallListener.java:33)\n\tat io.grpc.Contexts$ContextualizedServerCallListener.onMessage(Contexts.java:76)\n\tat io.grpc.internal.ServerCallImpl$ServerStreamListenerImpl.messagesAvailableInternal(ServerCallImpl.java:334)\n\tat io.grpc.internal.ServerCallImpl$ServerStreamListenerImpl.messagesAvailable(ServerCallImpl.java:319)\n\tat io.grpc.internal.ServerImpl$JumpToApplicationThreadServerStreamListener$1MessagesAvailable.runInContext(ServerImpl.java:834)\n\tat io.grpc.internal.ContextRunnable.run(ContextRunnable.java:37)\n\tat io.grpc.internal.SerializingExecutor.run(SerializingExecutor.java:133)\n\tat java.base/java.util.concurrent.ThreadPoolExecutor.runWorker(ThreadPoolExecutor.java:1144)\n\tat java.base/java.util.concurrent.ThreadPoolExecutor$Worker.run(ThreadPoolExecutor.java:642)\n\tat java.base/java.lang.Thread.run(Thread.java:1583)\n\n"}}
[debug] [2026-08-12T08:44:53.616Z] Aug 12, 2026 8:44:53 AM com.google.cloud.datastore.emulator.impl.util.WrappedStreamObserver onError
WARNING: Operation failed: 
false for 'create' @ L99, evaluation error at L129:26 for 'create' @ L129, false for 'update' @ L99, evaluation error at L133:26 for 'update' @ L133, false for 'create' @ L99, Function not found error: Name: [contains]. for 'create' @ L129
com.google.cloud.datastore.core.exception.DatastoreException: 
false for 'create' @ L99, evaluation error at L129:26 for 'create' @ L129, false for 'update' @ L99, evaluation error at L133:26 for 'update' @ L133, false for 'create' @ L99, Function not found error: Name: [contains]. for 'create' @ L129
	at com.google.cloud.datastore.core.exception.DatastoreException$Builder.build(DatastoreException.java:152)
	at com.google.cloud.datastore.emulator.impl.rules.DefaultEmulatorRulesAuthorizer.verboseError(DefaultEmulatorRulesAuthorizer.java:349)
	at com.google.cloud.datastore.emulator.impl.rules.DefaultEmulatorRulesAuthorizer.withVerboseErrors(DefaultEmulatorRulesAuthorizer.java:326)
	at com.google.cloud.datastore.emulator.impl.rules.DefaultEmulatorRulesAuthorizer.checkCommit(DefaultEmulatorRulesAuthorizer.java:114)
	at com.google.cloud.datastore.emulator.impl.firestore.FirestoreEmulatorHelper.commitHelper(FirestoreEmulatorHelper.java:386)
	at com.google.cloud.datastore.emulator.impl.firestore.FirestoreEmulatorHelper.internalCommit(FirestoreEmulatorHelper.java:336)
	at com.google.cloud.datastore.emulator.impl.firestore.CloudFirestoreV1.internalCommit(CloudFirestoreV1.java:1245)
	at com.google.cloud.datastore.emulator.impl.firestore.CloudFirestoreV1.write(CloudFirestoreV1.java:1232)
	at com.google.cloud.datastore.emulator.impl.firestore.CloudFirestoreV1WriteStream.handleRequest(CloudFirestoreV1WriteStream.java:222)
	at com.google.cloud.datastore.emulator.impl.firestore.CloudFirestoreV1WriteStream.write(CloudFirestoreV1WriteStream.java:144)
	at com.google.cloud.datastore.emulator.impl.firestore.CloudFirestoreV1WriteStream.onNext(CloudFirestoreV1WriteStream.java:99)
	at com.google.cloud.datastore.emulator.impl.firestore.CloudFirestoreV1WriteStream.onNext(CloudFirestoreV1WriteStream.java:27)
	at io.grpc.stub.ServerCalls$StreamingServerCallHandler$StreamingServerCallListener.onMessage(ServerCalls.java:262)
	at io.grpc.ForwardingServerCallListener.onMessage(ForwardingServerCallListener.java:33)
	at io.grpc.Contexts$ContextualizedServerCallListener.onMessage(Contexts.java:76)
	at io.grpc.ForwardingServerCallListener.onMessage(ForwardingServerCallListener.java:33)
	at io.grpc.Contexts$ContextualizedServerCallListener.onMessage(Contexts.java:76)
	at io.grpc.internal.ServerCallImpl$ServerStreamListenerImpl.messagesAvailableInternal(ServerCallImpl.java:334)
	at io.grpc.internal.ServerCallImpl$ServerStreamListenerImpl.messagesAvailable(ServerCallImpl.java:319)
	at io.grpc.internal.ServerImpl$JumpToApplicationThreadServerStreamListener$1MessagesAvailable.runInContext(ServerImpl.java:834)
	at io.grpc.internal.ContextRunnable.run(ContextRunnable.java:37)
	at io.grpc.internal.SerializingExecutor.run(SerializingExecutor.java:133)
	at java.base/java.util.concurrent.ThreadPoolExecutor.runWorker(ThreadPoolExecutor.java:1144)
	at java.base/java.util.concurrent.ThreadPoolExecutor$Worker.run(ThreadPoolExecutor.java:642)
	at java.base/java.lang.Thread.run(Thread.java:1583)
Caused by: com.google.firebase.rules.runtime.common.EvaluationException: Error:  line [85], column [16]. Function not found error: Name: [contains].
	at com.google.firebase.rules.runtime.impl.DefaultEvaluator$TransformEvaluationException.apply(DefaultEvaluator.java:275)
	at com.google.firebase.rules.runtime.impl.DefaultEvaluator$TransformEvaluationException.apply(DefaultEvaluator.java:261)
	at com.google.common.util.concurrent.AbstractCatchingFuture$AsyncCatchingFuture.doFallback(AbstractCatchingFuture.java:207)
	at com.google.common.util.concurrent.AbstractCatchingFuture$AsyncCatchingFuture.doFallback(AbstractCatchingFuture.java:194)
	at com.google.common.util.concurrent.AbstractCatchingFuture.run(AbstractCatchingFuture.java:136)
	at com.google.common.util.concurrent.DirectExecutor.execute(DirectExecutor.java:30)
	at com.google.common.util.concurrent.AbstractFuture.executeListener(AbstractFuture.java:1024)
	at com.google.common.util.concurrent.AbstractFuture.addListener(AbstractFuture.java:486)
	at com.google.common.util.concurrent.FluentFuture$TrustedFuture.addListener(FluentFuture.java:122)
	at com.google.common.util.concurrent.AbstractCatchingFuture.createAsync(AbstractCatchingFuture.java:58)
	at com.google.common.util.concurrent.Futures.catchingAsync(Futures.java:409)
	at com.google.firebase.rules.runtime.impl.DefaultEvaluator.evaluate(DefaultEvaluator.java:177)
	at com.google.cloud.datastore.emulator.impl.rules.EmulatorRuleClient$EmulatorRuleEvaluator.evaluate(EmulatorRuleClient.java:88)
	at com.google.cloud.datastore.core.auth.rules.AsyncTwoPhaseRulesAuthorizer.lambda$fullEvaluate$0(AsyncTwoPhaseRulesAuthorizer.java:1001)
	at com.google.cloud.datastore.computation.Computation.tryCatch(Computation.java:469)
	at com.google.cloud.datastore.core.auth.rules.AsyncTwoPhaseRulesAuthorizer.fullEvaluate(AsyncTwoPhaseRulesAuthorizer.java:1000)
	at com.google.cloud.datastore.core.auth.rules.AsyncTwoPhaseRulesAuthorizer$CommitAuthorizerImpl.lambda$checkWrite$0(AsyncTwoPhaseRulesAuthorizer.java:1237)
	at com.google.cloud.datastore.computation.Computation.lambda$tryClose$1(Computation.java:738)
	at com.google.cloud.datastore.computation.Computation.tryCatch(Computation.java:469)
	at com.google.cloud.datastore.computation.Computation.tryFinally(Computation.java:705)
	at com.google.cloud.datastore.computation.Computation.tryFinally(Computation.java:711)
	at com.google.cloud.datastore.computation.Computation.tryClose(Computation.java:738)
	at com.google.cloud.datastore.core.auth.rules.AsyncTwoPhaseRulesAuthorizer$CommitAuthorizerImpl.checkWrite(AsyncTwoPhaseRulesAuthorizer.java:1206)
	at com.google.cloud.datastore.emulator.impl.rules.DefaultEmulatorRulesAuthorizer.lambda$checkCommit$2(DefaultEmulatorRulesAuthorizer.java:125)
	at com.google.cloud.datastore.computation.Computation.run(Computation.java:81)
	at com.google.cloud.datastore.computation.Computation$Terminated.toFuture(Computation.java:947)
	at com.google.cloud.datastore.computation.Computation.toFuture(Computation.java:92)
	at com.google.cloud.datastore.emulator.impl.rules.DefaultEmulatorRulesAuthorizer.finish(DefaultEmulatorRulesAuthorizer.java:308)
	at com.google.cloud.datastore.emulator.impl.rules.DefaultEmulatorRulesAuthorizer.lambda$checkCommit$0(DefaultEmulatorRulesAuthorizer.java:123)
	at com.google.cloud.datastore.emulator.impl.rules.DefaultEmulatorRulesAuthorizer.withVerboseErrors(DefaultEmulatorRulesAuthorizer.java:321)
	... 22 more

 {"metadata":{"emulator":{"name":"firestore"},"message":"Aug 12, 2026 8:44:53 AM com.google.cloud.datastore.emulator.impl.util.WrappedStreamObserver onError\nWARNING: Operation failed: \nfalse for 'create' @ L99, evaluation error at L129:26 for 'create' @ L129, false for 'update' @ L99, evaluation error at L133:26 for 'update' @ L133, false for 'create' @ L99, Function not found error: Name: [contains]. for 'create' @ L129\ncom.google.cloud.datastore.core.exception.DatastoreException: \nfalse for 'create' @ L99, evaluation error at L129:26 for 'create' @ L129, false for 'update' @ L99, evaluation error at L133:26 for 'update' @ L133, false for 'create' @ L99, Function not found error: Name: [contains]. for 'create' @ L129\n\tat com.google.cloud.datastore.core.exception.DatastoreException$Builder.build(DatastoreException.java:152)\n\tat com.google.cloud.datastore.emulator.impl.rules.DefaultEmulatorRulesAuthorizer.verboseError(DefaultEmulatorRulesAuthorizer.java:349)\n\tat com.google.cloud.datastore.emulator.impl.rules.DefaultEmulatorRulesAuthorizer.withVerboseErrors(DefaultEmulatorRulesAuthorizer.java:326)\n\tat com.google.cloud.datastore.emulator.impl.rules.DefaultEmulatorRulesAuthorizer.checkCommit(DefaultEmulatorRulesAuthorizer.java:114)\n\tat com.google.cloud.datastore.emulator.impl.firestore.FirestoreEmulatorHelper.commitHelper(FirestoreEmulatorHelper.java:386)\n\tat com.google.cloud.datastore.emulator.impl.firestore.FirestoreEmulatorHelper.internalCommit(FirestoreEmulatorHelper.java:336)\n\tat com.google.cloud.datastore.emulator.impl.firestore.CloudFirestoreV1.internalCommit(CloudFirestoreV1.java:1245)\n\tat com.google.cloud.datastore.emulator.impl.firestore.CloudFirestoreV1.write(CloudFirestoreV1.java:1232)\n\tat com.google.cloud.datastore.emulator.impl.firestore.CloudFirestoreV1WriteStream.handleRequest(CloudFirestoreV1WriteStream.java:222)\n\tat com.google.cloud.datastore.emulator.impl.firestore.CloudFirestoreV1WriteStream.write(CloudFirestoreV1WriteStream.java:144)\n\tat com.google.cloud.datastore.emulator.impl.firestore.CloudFirestoreV1WriteStream.onNext(CloudFirestoreV1WriteStream.java:99)\n\tat com.google.cloud.datastore.emulator.impl.firestore.CloudFirestoreV1WriteStream.onNext(CloudFirestoreV1WriteStream.java:27)\n\tat io.grpc.stub.ServerCalls$StreamingServerCallHandler$StreamingServerCallListener.onMessage(ServerCalls.java:262)\n\tat io.grpc.ForwardingServerCallListener.onMessage(ForwardingServerCallListener.java:33)\n\tat io.grpc.Contexts$ContextualizedServerCallListener.onMessage(Contexts.java:76)\n\tat io.grpc.ForwardingServerCallListener.onMessage(ForwardingServerCallListener.java:33)\n\tat io.grpc.Contexts$ContextualizedServerCallListener.onMessage(Contexts.java:76)\n\tat io.grpc.internal.ServerCallImpl$ServerStreamListenerImpl.messagesAvailableInternal(ServerCallImpl.java:334)\n\tat io.grpc.internal.ServerCallImpl$ServerStreamListenerImpl.messagesAvailable(ServerCallImpl.java:319)\n\tat io.grpc.internal.ServerImpl$JumpToApplicationThreadServerStreamListener$1MessagesAvailable.runInContext(ServerImpl.java:834)\n\tat io.grpc.internal.ContextRunnable.run(ContextRunnable.java:37)\n\tat io.grpc.internal.SerializingExecutor.run(SerializingExecutor.java:133)\n\tat java.base/java.util.concurrent.ThreadPoolExecutor.runWorker(ThreadPoolExecutor.java:1144)\n\tat java.base/java.util.concurrent.ThreadPoolExecutor$Worker.run(ThreadPoolExecutor.java:642)\n\tat java.base/java.lang.Thread.run(Thread.java:1583)\nCaused by: com.google.firebase.rules.runtime.common.EvaluationException: Error:  line [85], column [16]. Function not found error: Name: [contains].\n\tat com.google.firebase.rules.runtime.impl.DefaultEvaluator$TransformEvaluationException.apply(DefaultEvaluator.java:275)\n\tat com.google.firebase.rules.runtime.impl.DefaultEvaluator$TransformEvaluationException.apply(DefaultEvaluator.java:261)\n\tat com.google.common.util.concurrent.AbstractCatchingFuture$AsyncCatchingFuture.doFallback(AbstractCatchingFuture.java:207)\n\tat com.google.common.util.concurrent.AbstractCatchingFuture$AsyncCatchingFuture.doFallback(AbstractCatchingFuture.java:194)\n\tat com.google.common.util.concurrent.AbstractCatchingFuture.run(AbstractCatchingFuture.java:136)\n\tat com.google.common.util.concurrent.DirectExecutor.execute(DirectExecutor.java:30)\n\tat com.google.common.util.concurrent.AbstractFuture.executeListener(AbstractFuture.java:1024)\n\tat com.google.common.util.concurrent.AbstractFuture.addListener(AbstractFuture.java:486)\n\tat com.google.common.util.concurrent.FluentFuture$TrustedFuture.addListener(FluentFuture.java:122)\n\tat com.google.common.util.concurrent.AbstractCatchingFuture.createAsync(AbstractCatchingFuture.java:58)\n\tat com.google.common.util.concurrent.Futures.catchingAsync(Futures.java:409)\n\tat com.google.firebase.rules.runtime.impl.DefaultEvaluator.evaluate(DefaultEvaluator.java:177)\n\tat com.google.cloud.datastore.emulator.impl.rules.EmulatorRuleClient$EmulatorRuleEvaluator.evaluate(EmulatorRuleClient.java:88)\n\tat com.google.cloud.datastore.core.auth.rules.AsyncTwoPhaseRulesAuthorizer.lambda$fullEvaluate$0(AsyncTwoPhaseRulesAuthorizer.java:1001)\n\tat com.google.cloud.datastore.computation.Computation.tryCatch(Computation.java:469)\n\tat com.google.cloud.datastore.core.auth.rules.AsyncTwoPhaseRulesAuthorizer.fullEvaluate(AsyncTwoPhaseRulesAuthorizer.java:1000)\n\tat com.google.cloud.datastore.core.auth.rules.AsyncTwoPhaseRulesAuthorizer$CommitAuthorizerImpl.lambda$checkWrite$0(AsyncTwoPhaseRulesAuthorizer.java:1237)\n\tat com.google.cloud.datastore.computation.Computation.lambda$tryClose$1(Computation.java:738)\n\tat com.google.cloud.datastore.computation.Computation.tryCatch(Computation.java:469)\n\tat com.google.cloud.datastore.computation.Computation.tryFinally(Computation.java:705)\n\tat com.google.cloud.datastore.computation.Computation.tryFinally(Computation.java:711)\n\tat com.google.cloud.datastore.computation.Computation.tryClose(Computation.java:738)\n\tat com.google.cloud.datastore.core.auth.rules.AsyncTwoPhaseRulesAuthorizer$CommitAuthorizerImpl.checkWrite(AsyncTwoPhaseRulesAuthorizer.java:1206)\n\tat com.google.cloud.datastore.emulator.impl.rules.DefaultEmulatorRulesAuthorizer.lambda$checkCommit$2(DefaultEmulatorRulesAuthorizer.java:125)\n\tat com.google.cloud.datastore.computation.Computation.run(Computation.java:81)\n\tat com.google.cloud.datastore.computation.Computation$Terminated.toFuture(Computation.java:947)\n\tat com.google.cloud.datastore.computation.Computation.toFuture(Computation.java:92)\n\tat com.google.cloud.datastore.emulator.impl.rules.DefaultEmulatorRulesAuthorizer.finish(DefaultEmulatorRulesAuthorizer.java:308)\n\tat com.google.cloud.datastore.emulator.impl.rules.DefaultEmulatorRulesAuthorizer.lambda$checkCommit$0(DefaultEmulatorRulesAuthorizer.java:123)\n\tat com.google.cloud.datastore.emulator.impl.rules.DefaultEmulatorRulesAuthorizer.withVerboseErrors(DefaultEmulatorRulesAuthorizer.java:321)\n\t... 22 more\n\n"}}
[debug] [2026-08-12T08:44:53.728Z] Aug 12, 2026 8:44:53 AM com.google.cloud.datastore.emulator.impl.util.WrappedStreamObserver onError
WARNING: Operation failed: 
false for 'create' @ L99, false for 'create' @ L129, false for 'update' @ L99, false for 'update' @ L133
com.google.cloud.datastore.core.exception.DatastoreException: 
false for 'create' @ L99, false for 'create' @ L129, false for 'update' @ L99, false for 'update' @ L133
	at com.google.cloud.datastore.core.exception.DatastoreException$Builder.build(DatastoreException.java:152)
	at com.google.cloud.datastore.emulator.impl.rules.DefaultEmulatorRulesAuthorizer.verboseError(DefaultEmulatorRulesAuthorizer.java:349)
	at com.google.cloud.datastore.emulator.impl.rules.DefaultEmulatorRulesAuthorizer.withVerboseErrors(DefaultEmulatorRulesAuthorizer.java:326)
	at com.google.cloud.datastore.emulator.impl.rules.DefaultEmulatorRulesAuthorizer.checkCommit(DefaultEmulatorRulesAuthorizer.java:114)
	at com.google.cloud.datastore.emulator.impl.firestore.FirestoreEmulatorHelper.commitHelper(FirestoreEmulatorHelper.java:386)
	at com.google.cloud.datastore.emulator.impl.firestore.FirestoreEmulatorHelper.internalCommit(FirestoreEmulatorHelper.java:336)
	at com.google.cloud.datastore.emulator.impl.firestore.CloudFirestoreV1.internalCommit(CloudFirestoreV1.java:1245)
	at com.google.cloud.datastore.emulator.impl.firestore.CloudFirestoreV1.write(CloudFirestoreV1.java:1232)
	at com.google.cloud.datastore.emulator.impl.firestore.CloudFirestoreV1WriteStream.handleRequest(CloudFirestoreV1WriteStream.java:222)
	at com.google.cloud.datastore.emulator.impl.firestore.CloudFirestoreV1WriteStream.write(CloudFirestoreV1WriteStream.java:144)
	at com.google.cloud.datastore.emulator.impl.firestore.CloudFirestoreV1WriteStream.onNext(CloudFirestoreV1WriteStream.java:99)
	at com.google.cloud.datastore.emulator.impl.firestore.CloudFirestoreV1WriteStream.onNext(CloudFirestoreV1WriteStream.java:27)
	at io.grpc.stub.ServerCalls$StreamingServerCallHandler$StreamingServerCallListener.onMessage(ServerCalls.java:262)
	at io.grpc.ForwardingServerCallListener.onMessage(ForwardingServerCallListener.java:33)
	at io.grpc.Contexts$ContextualizedServerCallListener.onMessage(Contexts.java:76)
	at io.grpc.ForwardingServerCallListener.onMessage(ForwardingServerCallListener.java:33)
	at io.grpc.Contexts$ContextualizedServerCallListener.onMessage(Contexts.java:76)
	at io.grpc.internal.ServerCallImpl$ServerStreamListenerImpl.messagesAvailableInternal(ServerCallImpl.java:334)
	at io.grpc.internal.ServerCallImpl$ServerStreamListenerImpl.messagesAvailable(ServerCallImpl.java:319)
	at io.grpc.internal.ServerImpl$JumpToApplicationThreadServerStreamListener$1MessagesAvailable.runInContext(ServerImpl.java:834)
	at io.grpc.internal.ContextRunnable.run(ContextRunnable.java:37)
	at io.grpc.internal.SerializingExecutor.run(SerializingExecutor.java:133)
	at java.base/java.util.concurrent.ThreadPoolExecutor.runWorker(ThreadPoolExecutor.java:1144)
	at java.base/java.util.concurrent.ThreadPoolExecutor$Worker.run(ThreadPoolExecutor.java:642)
	at java.base/java.lang.Thread.run(Thread.java:1583)

 {"metadata":{"emulator":{"name":"firestore"},"message":"Aug 12, 2026 8:44:53 AM com.google.cloud.datastore.emulator.impl.util.WrappedStreamObserver onError\nWARNING: Operation failed: \nfalse for 'create' @ L99, false for 'create' @ L129, false for 'update' @ L99, false for 'update' @ L133\ncom.google.cloud.datastore.core.exception.DatastoreException: \nfalse for 'create' @ L99, false for 'create' @ L129, false for 'update' @ L99, false for 'update' @ L133\n\tat com.google.cloud.datastore.core.exception.DatastoreException$Builder.build(DatastoreException.java:152)\n\tat com.google.cloud.datastore.emulator.impl.rules.DefaultEmulatorRulesAuthorizer.verboseError(DefaultEmulatorRulesAuthorizer.java:349)\n\tat com.google.cloud.datastore.emulator.impl.rules.DefaultEmulatorRulesAuthorizer.withVerboseErrors(DefaultEmulatorRulesAuthorizer.java:326)\n\tat com.google.cloud.datastore.emulator.impl.rules.DefaultEmulatorRulesAuthorizer.checkCommit(DefaultEmulatorRulesAuthorizer.java:114)\n\tat com.google.cloud.datastore.emulator.impl.firestore.FirestoreEmulatorHelper.commitHelper(FirestoreEmulatorHelper.java:386)\n\tat com.google.cloud.datastore.emulator.impl.firestore.FirestoreEmulatorHelper.internalCommit(FirestoreEmulatorHelper.java:336)\n\tat com.google.cloud.datastore.emulator.impl.firestore.CloudFirestoreV1.internalCommit(CloudFirestoreV1.java:1245)\n\tat com.google.cloud.datastore.emulator.impl.firestore.CloudFirestoreV1.write(CloudFirestoreV1.java:1232)\n\tat com.google.cloud.datastore.emulator.impl.firestore.CloudFirestoreV1WriteStream.handleRequest(CloudFirestoreV1WriteStream.java:222)\n\tat com.google.cloud.datastore.emulator.impl.firestore.CloudFirestoreV1WriteStream.write(CloudFirestoreV1WriteStream.java:144)\n\tat com.google.cloud.datastore.emulator.impl.firestore.CloudFirestoreV1WriteStream.onNext(CloudFirestoreV1WriteStream.java:99)\n\tat com.google.cloud.datastore.emulator.impl.firestore.CloudFirestoreV1WriteStream.onNext(CloudFirestoreV1WriteStream.java:27)\n\tat io.grpc.stub.ServerCalls$StreamingServerCallHandler$StreamingServerCallListener.onMessage(ServerCalls.java:262)\n\tat io.grpc.ForwardingServerCallListener.onMessage(ForwardingServerCallListener.java:33)\n\tat io.grpc.Contexts$ContextualizedServerCallListener.onMessage(Contexts.java:76)\n\tat io.grpc.ForwardingServerCallListener.onMessage(ForwardingServerCallListener.java:33)\n\tat io.grpc.Contexts$ContextualizedServerCallListener.onMessage(Contexts.java:76)\n\tat io.grpc.internal.ServerCallImpl$ServerStreamListenerImpl.messagesAvailableInternal(ServerCallImpl.java:334)\n\tat io.grpc.internal.ServerCallImpl$ServerStreamListenerImpl.messagesAvailable(ServerCallImpl.java:319)\n\tat io.grpc.internal.ServerImpl$JumpToApplicationThreadServerStreamListener$1MessagesAvailable.runInContext(ServerImpl.java:834)\n\tat io.grpc.internal.ContextRunnable.run(ContextRunnable.java:37)\n\tat io.grpc.internal.SerializingExecutor.run(SerializingExecutor.java:133)\n\tat java.base/java.util.concurrent.ThreadPoolExecutor.runWorker(ThreadPoolExecutor.java:1144)\n\tat java.base/java.util.concurrent.ThreadPoolExecutor$Worker.run(ThreadPoolExecutor.java:642)\n\tat java.base/java.lang.Thread.run(Thread.java:1583)\n\n"}}
[debug] [2026-08-12T08:44:53.840Z] Aug 12, 2026 8:44:53 AM com.google.cloud.datastore.emulator.impl.util.WrappedStreamObserver onError
WARNING: Operation failed: 
false for 'create' @ L99, false for 'create' @ L129, false for 'update' @ L99, false for 'update' @ L133
com.google.cloud.datastore.core.exception.DatastoreException: 
false for 'create' @ L99, false for 'create' @ L129, false for 'update' @ L99, false for 'update' @ L133
	at com.google.cloud.datastore.core.exception.DatastoreException$Builder.build(DatastoreException.java:152)
	at com.google.cloud.datastore.emulator.impl.rules.DefaultEmulatorRulesAuthorizer.verboseError(DefaultEmulatorRulesAuthorizer.java:349)
	at com.google.cloud.datastore.emulator.impl.rules.DefaultEmulatorRulesAuthorizer.withVerboseErrors(DefaultEmulatorRulesAuthorizer.java:326)
	at com.google.cloud.datastore.emulator.impl.rules.DefaultEmulatorRulesAuthorizer.checkCommit(DefaultEmulatorRulesAuthorizer.java:114)
	at com.google.cloud.datastore.emulator.impl.firestore.FirestoreEmulatorHelper.commitHelper(FirestoreEmulatorHelper.java:386)
	at com.google.cloud.datastore.emulator.impl.firestore.FirestoreEmulatorHelper.internalCommit(FirestoreEmulatorHelper.java:336)
	at com.google.cloud.datastore.emulator.impl.firestore.CloudFirestoreV1.internalCommit(CloudFirestoreV1.java:1245)
	at com.google.cloud.datastore.emulator.impl.firestore.CloudFirestoreV1.write(CloudFirestoreV1.java:1232)
	at com.google.cloud.datastore.emulator.impl.firestore.CloudFirestoreV1WriteStream.handleRequest(CloudFirestoreV1WriteStream.java:222)
	at com.google.cloud.datastore.emulator.impl.firestore.CloudFirestoreV1WriteStream.write(CloudFirestoreV1WriteStream.java:144)
	at com.google.cloud.datastore.emulator.impl.firestore.CloudFirestoreV1WriteStream.onNext(CloudFirestoreV1WriteStream.java:99)
	at com.google.cloud.datastore.emulator.impl.firestore.CloudFirestoreV1WriteStream.onNext(CloudFirestoreV1WriteStream.java:27)
	at io.grpc.stub.ServerCalls$StreamingServerCallHandler$StreamingServerCallListener.onMessage(ServerCalls.java:262)
	at io.grpc.ForwardingServerCallListener.onMessage(ForwardingServerCallListener.java:33)
	at io.grpc.Contexts$ContextualizedServerCallListener.onMessage(Contexts.java:76)
	at io.grpc.ForwardingServerCallListener.onMessage(ForwardingServerCallListener.java:33)
	at io.grpc.Contexts$ContextualizedServerCallListener.onMessage(Contexts.java:76)
	at io.grpc.internal.ServerCallImpl$ServerStreamListenerImpl.messagesAvailableInternal(ServerCallImpl.java:334)
	at io.grpc.internal.ServerCallImpl$ServerStreamListenerImpl.messagesAvailable(ServerCallImpl.java:319)
	at io.grpc.internal.ServerImpl$JumpToApplicationThreadServerStreamListener$1MessagesAvailable.runInContext(ServerImpl.java:834)
	at io.grpc.internal.ContextRunnable.run(ContextRunnable.java:37)
	at io.grpc.internal.SerializingExecutor.run(SerializingExecutor.java:133)
	at java.base/java.util.concurrent.ThreadPoolExecutor.runWorker(ThreadPoolExecutor.java:1144)
	at java.base/java.util.concurrent.ThreadPoolExecutor$Worker.run(ThreadPoolExecutor.java:642)
	at java.base/java.lang.Thread.run(Thread.java:1583)

 {"metadata":{"emulator":{"name":"firestore"},"message":"Aug 12, 2026 8:44:53 AM com.google.cloud.datastore.emulator.impl.util.WrappedStreamObserver onError\nWARNING: Operation failed: \nfalse for 'create' @ L99, false for 'create' @ L129, false for 'update' @ L99, false for 'update' @ L133\ncom.google.cloud.datastore.core.exception.DatastoreException: \nfalse for 'create' @ L99, false for 'create' @ L129, false for 'update' @ L99, false for 'update' @ L133\n\tat com.google.cloud.datastore.core.exception.DatastoreException$Builder.build(DatastoreException.java:152)\n\tat com.google.cloud.datastore.emulator.impl.rules.DefaultEmulatorRulesAuthorizer.verboseError(DefaultEmulatorRulesAuthorizer.java:349)\n\tat com.google.cloud.datastore.emulator.impl.rules.DefaultEmulatorRulesAuthorizer.withVerboseErrors(DefaultEmulatorRulesAuthorizer.java:326)\n\tat com.google.cloud.datastore.emulator.impl.rules.DefaultEmulatorRulesAuthorizer.checkCommit(DefaultEmulatorRulesAuthorizer.java:114)\n\tat com.google.cloud.datastore.emulator.impl.firestore.FirestoreEmulatorHelper.commitHelper(FirestoreEmulatorHelper.java:386)\n\tat com.google.cloud.datastore.emulator.impl.firestore.FirestoreEmulatorHelper.internalCommit(FirestoreEmulatorHelper.java:336)\n\tat com.google.cloud.datastore.emulator.impl.firestore.CloudFirestoreV1.internalCommit(CloudFirestoreV1.java:1245)\n\tat com.google.cloud.datastore.emulator.impl.firestore.CloudFirestoreV1.write(CloudFirestoreV1.java:1232)\n\tat com.google.cloud.datastore.emulator.impl.firestore.CloudFirestoreV1WriteStream.handleRequest(CloudFirestoreV1WriteStream.java:222)\n\tat com.google.cloud.datastore.emulator.impl.firestore.CloudFirestoreV1WriteStream.write(CloudFirestoreV1WriteStream.java:144)\n\tat com.google.cloud.datastore.emulator.impl.firestore.CloudFirestoreV1WriteStream.onNext(CloudFirestoreV1WriteStream.java:99)\n\tat com.google.cloud.datastore.emulator.impl.firestore.CloudFirestoreV1WriteStream.onNext(CloudFirestoreV1WriteStream.java:27)\n\tat io.grpc.stub.ServerCalls$StreamingServerCallHandler$StreamingServerCallListener.onMessage(ServerCalls.java:262)\n\tat io.grpc.ForwardingServerCallListener.onMessage(ForwardingServerCallListener.java:33)\n\tat io.grpc.Contexts$ContextualizedServerCallListener.onMessage(Contexts.java:76)\n\tat io.grpc.ForwardingServerCallListener.onMessage(ForwardingServerCallListener.java:33)\n\tat io.grpc.Contexts$ContextualizedServerCallListener.onMessage(Contexts.java:76)\n\tat io.grpc.internal.ServerCallImpl$ServerStreamListenerImpl.messagesAvailableInternal(ServerCallImpl.java:334)\n\tat io.grpc.internal.ServerCallImpl$ServerStreamListenerImpl.messagesAvailable(ServerCallImpl.java:319)\n\tat io.grpc.internal.ServerImpl$JumpToApplicationThreadServerStreamListener$1MessagesAvailable.runInContext(ServerImpl.java:834)\n\tat io.grpc.internal.ContextRunnable.run(ContextRunnable.java:37)\n\tat io.grpc.internal.SerializingExecutor.run(SerializingExecutor.java:133)\n\tat java.base/java.util.concurrent.ThreadPoolExecutor.runWorker(ThreadPoolExecutor.java:1144)\n\tat java.base/java.util.concurrent.ThreadPoolExecutor$Worker.run(ThreadPoolExecutor.java:642)\n\tat java.base/java.lang.Thread.run(Thread.java:1583)\n\n"}}
[debug] [2026-08-12T08:44:53.957Z] Aug 12, 2026 8:44:53 AM com.google.cloud.datastore.emulator.impl.util.WrappedStreamObserver onError
WARNING: Operation failed: 
false for 'create' @ L99, false for 'create' @ L129, false for 'update' @ L99, false for 'update' @ L133
com.google.cloud.datastore.core.exception.DatastoreException: 
false for 'create' @ L99, false for 'create' @ L129, false for 'update' @ L99, false for 'update' @ L133
	at com.google.cloud.datastore.core.exception.DatastoreException$Builder.build(DatastoreException.java:152)
	at com.google.cloud.datastore.emulator.impl.rules.DefaultEmulatorRulesAuthorizer.verboseError(DefaultEmulatorRulesAuthorizer.java:349)
	at com.google.cloud.datastore.emulator.impl.rules.DefaultEmulatorRulesAuthorizer.withVerboseErrors(DefaultEmulatorRulesAuthorizer.java:326)
	at com.google.cloud.datastore.emulator.impl.rules.DefaultEmulatorRulesAuthorizer.checkCommit(DefaultEmulatorRulesAuthorizer.java:114)
	at com.google.cloud.datastore.emulator.impl.firestore.FirestoreEmulatorHelper.commitHelper(FirestoreEmulatorHelper.java:386)
	at com.google.cloud.datastore.emulator.impl.firestore.FirestoreEmulatorHelper.internalCommit(FirestoreEmulatorHelper.java:336)
	at com.google.cloud.datastore.emulator.impl.firestore.CloudFirestoreV1.internalCommit(CloudFirestoreV1.java:1245)
	at com.google.cloud.datastore.emulator.impl.firestore.CloudFirestoreV1.write(CloudFirestoreV1.java:1232)
	at com.google.cloud.datastore.emulator.impl.firestore.CloudFirestoreV1WriteStream.handleRequest(CloudFirestoreV1WriteStream.java:222)
	at com.google.cloud.datastore.emulator.impl.firestore.CloudFirestoreV1WriteStream.write(CloudFirestoreV1WriteStream.java:144)
	at com.google.cloud.datastore.emulator.impl.firestore.CloudFirestoreV1WriteStream.onNext(CloudFirestoreV1WriteStream.java:99)
	at com.google.cloud.datastore.emulator.impl.firestore.CloudFirestoreV1WriteStream.onNext(CloudFirestoreV1WriteStream.java:27)
	at io.grpc.stub.ServerCalls$StreamingServerCallHandler$StreamingServerCallListener.onMessage(ServerCalls.java:262)
	at io.grpc.ForwardingServerCallListener.onMessage(ForwardingServerCallListener.java:33)
	at io.grpc.Contexts$ContextualizedServerCallListener.onMessage(Contexts.java:76)
	at io.grpc.ForwardingServerCallListener.onMessage(ForwardingServerCallListener.java:33)
	at io.grpc.Contexts$ContextualizedServerCallListener.onMessage(Contexts.java:76)
	at io.grpc.internal.ServerCallImpl$ServerStreamListenerImpl.messagesAvailableInternal(ServerCallImpl.java:334)
	at io.grpc.internal.ServerCallImpl$ServerStreamListenerImpl.messagesAvailable(ServerCallImpl.java:319)
	at io.grpc.internal.ServerImpl$JumpToApplicationThreadServerStreamListener$1MessagesAvailable.runInContext(ServerImpl.java:834)
	at io.grpc.internal.ContextRunnable.run(ContextRunnable.java:37)
	at io.grpc.internal.SerializingExecutor.run(SerializingExecutor.java:133)
	at java.base/java.util.concurrent.ThreadPoolExecutor.runWorker(ThreadPoolExecutor.java:1144)
	at java.base/java.util.concurrent.ThreadPoolExecutor$Worker.run(ThreadPoolExecutor.java:642)
	at java.base/java.lang.Thread.run(Thread.java:1583)

 {"metadata":{"emulator":{"name":"firestore"},"message":"Aug 12, 2026 8:44:53 AM com.google.cloud.datastore.emulator.impl.util.WrappedStreamObserver onError\nWARNING: Operation failed: \nfalse for 'create' @ L99, false for 'create' @ L129, false for 'update' @ L99, false for 'update' @ L133\ncom.google.cloud.datastore.core.exception.DatastoreException: \nfalse for 'create' @ L99, false for 'create' @ L129, false for 'update' @ L99, false for 'update' @ L133\n\tat com.google.cloud.datastore.core.exception.DatastoreException$Builder.build(DatastoreException.java:152)\n\tat com.google.cloud.datastore.emulator.impl.rules.DefaultEmulatorRulesAuthorizer.verboseError(DefaultEmulatorRulesAuthorizer.java:349)\n\tat com.google.cloud.datastore.emulator.impl.rules.DefaultEmulatorRulesAuthorizer.withVerboseErrors(DefaultEmulatorRulesAuthorizer.java:326)\n\tat com.google.cloud.datastore.emulator.impl.rules.DefaultEmulatorRulesAuthorizer.checkCommit(DefaultEmulatorRulesAuthorizer.java:114)\n\tat com.google.cloud.datastore.emulator.impl.firestore.FirestoreEmulatorHelper.commitHelper(FirestoreEmulatorHelper.java:386)\n\tat com.google.cloud.datastore.emulator.impl.firestore.FirestoreEmulatorHelper.internalCommit(FirestoreEmulatorHelper.java:336)\n\tat com.google.cloud.datastore.emulator.impl.firestore.CloudFirestoreV1.internalCommit(CloudFirestoreV1.java:1245)\n\tat com.google.cloud.datastore.emulator.impl.firestore.CloudFirestoreV1.write(CloudFirestoreV1.java:1232)\n\tat com.google.cloud.datastore.emulator.impl.firestore.CloudFirestoreV1WriteStream.handleRequest(CloudFirestoreV1WriteStream.java:222)\n\tat com.google.cloud.datastore.emulator.impl.firestore.CloudFirestoreV1WriteStream.write(CloudFirestoreV1WriteStream.java:144)\n\tat com.google.cloud.datastore.emulator.impl.firestore.CloudFirestoreV1WriteStream.onNext(CloudFirestoreV1WriteStream.java:99)\n\tat com.google.cloud.datastore.emulator.impl.firestore.CloudFirestoreV1WriteStream.onNext(CloudFirestoreV1WriteStream.java:27)\n\tat io.grpc.stub.ServerCalls$StreamingServerCallHandler$StreamingServerCallListener.onMessage(ServerCalls.java:262)\n\tat io.grpc.ForwardingServerCallListener.onMessage(ForwardingServerCallListener.java:33)\n\tat io.grpc.Contexts$ContextualizedServerCallListener.onMessage(Contexts.java:76)\n\tat io.grpc.ForwardingServerCallListener.onMessage(ForwardingServerCallListener.java:33)\n\tat io.grpc.Contexts$ContextualizedServerCallListener.onMessage(Contexts.java:76)\n\tat io.grpc.internal.ServerCallImpl$ServerStreamListenerImpl.messagesAvailableInternal(ServerCallImpl.java:334)\n\tat io.grpc.internal.ServerCallImpl$ServerStreamListenerImpl.messagesAvailable(ServerCallImpl.java:319)\n\tat io.grpc.internal.ServerImpl$JumpToApplicationThreadServerStreamListener$1MessagesAvailable.runInContext(ServerImpl.java:834)\n\tat io.grpc.internal.ContextRunnable.run(ContextRunnable.java:37)\n\tat io.grpc.internal.SerializingExecutor.run(SerializingExecutor.java:133)\n\tat java.base/java.util.concurrent.ThreadPoolExecutor.runWorker(ThreadPoolExecutor.java:1144)\n\tat java.base/java.util.concurrent.ThreadPoolExecutor$Worker.run(ThreadPoolExecutor.java:642)\n\tat java.base/java.lang.Thread.run(Thread.java:1583)\n\n"}}
[debug] [2026-08-12T08:44:54.089Z] Aug 12, 2026 8:44:54 AM com.google.cloud.datastore.emulator.impl.util.WrappedStreamObserver onError
WARNING: Operation failed: 
false for 'create' @ L99, evaluation error at L129:26 for 'create' @ L129, false for 'update' @ L99, evaluation error at L133:26 for 'update' @ L133, false for 'create' @ L99, Function not found error: Name: [contains]. for 'create' @ L129
com.google.cloud.datastore.core.exception.DatastoreException: 
false for 'create' @ L99, evaluation error at L129:26 for 'create' @ L129, false for 'update' @ L99, evaluation error at L133:26 for 'update' @ L133, false for 'create' @ L99, Function not found error: Name: [contains]. for 'create' @ L129
	at com.google.cloud.datastore.core.exception.DatastoreException$Builder.build(DatastoreException.java:152)
	at com.google.cloud.datastore.emulator.impl.rules.DefaultEmulatorRulesAuthorizer.verboseError(DefaultEmulatorRulesAuthorizer.java:349)
	at com.google.cloud.datastore.emulator.impl.rules.DefaultEmulatorRulesAuthorizer.withVerboseErrors(DefaultEmulatorRulesAuthorizer.java:326)
	at com.google.cloud.datastore.emulator.impl.rules.DefaultEmulatorRulesAuthorizer.checkCommit(DefaultEmulatorRulesAuthorizer.java:114)
	at com.google.cloud.datastore.emulator.impl.firestore.FirestoreEmulatorHelper.commitHelper(FirestoreEmulatorHelper.java:386)
	at com.google.cloud.datastore.emulator.impl.firestore.FirestoreEmulatorHelper.internalCommit(FirestoreEmulatorHelper.java:336)
	at com.google.cloud.datastore.emulator.impl.firestore.CloudFirestoreV1.internalCommit(CloudFirestoreV1.java:1245)
	at com.google.cloud.datastore.emulator.impl.firestore.CloudFirestoreV1.write(CloudFirestoreV1.java:1232)
	at com.google.cloud.datastore.emulator.impl.firestore.CloudFirestoreV1WriteStream.handleRequest(CloudFirestoreV1WriteStream.java:222)
	at com.google.cloud.datastore.emulator.impl.firestore.CloudFirestoreV1WriteStream.write(CloudFirestoreV1WriteStream.java:144)
	at com.google.cloud.datastore.emulator.impl.firestore.CloudFirestoreV1WriteStream.onNext(CloudFirestoreV1WriteStream.java:99)
	at com.google.cloud.datastore.emulator.impl.firestore.CloudFirestoreV1WriteStream.onNext(CloudFirestoreV1WriteStream.java:27)
	at io.grpc.stub.ServerCalls$StreamingServerCallHandler$StreamingServerCallListener.onMessage(ServerCalls.java:262)
	at io.grpc.ForwardingServerCallListener.onMessage(ForwardingServerCallListener.java:33)
	at io.grpc.Contexts$ContextualizedServerCallListener.onMessage(Contexts.java:76)
	at io.grpc.ForwardingServerCallListener.onMessage(ForwardingServerCallListener.java:33)
	at io.grpc.Contexts$ContextualizedServerCallListener.onMessage(Contexts.java:76)
	at io.grpc.internal.ServerCallImpl$ServerStreamListenerImpl.messagesAvailableInternal(ServerCallImpl.java:334)
	at io.grpc.internal.ServerCallImpl$ServerStreamListenerImpl.messagesAvailable(ServerCallImpl.java:319)
	at io.grpc.internal.ServerImpl$JumpToApplicationThreadServerStreamListener$1MessagesAvailable.runInContext(ServerImpl.java:834)
	at io.grpc.internal.ContextRunnable.run(ContextRunnable.java:37)
	at io.grpc.internal.SerializingExecutor.run(SerializingExecutor.java:133)
	at java.base/java.util.concurrent.ThreadPoolExecutor.runWorker(ThreadPoolExecutor.java:1144)
	at java.base/java.util.concurrent.ThreadPoolExecutor$Worker.run(ThreadPoolExecutor.java:642)
	at java.base/java.lang.Thread.run(Thread.java:1583)
Caused by: com.google.firebase.rules.runtime.common.EvaluationException: Error:  line [85], column [16]. Function not found error: Name: [contains].
	at com.google.firebase.rules.runtime.impl.DefaultEvaluator$TransformEvaluationException.apply(DefaultEvaluator.java:275)
	at com.google.firebase.rules.runtime.impl.DefaultEvaluator$TransformEvaluationException.apply(DefaultEvaluator.java:261)
	at com.google.common.util.concurrent.AbstractCatchingFuture$AsyncCatchingFuture.doFallback(AbstractCatchingFuture.java:207)
	at com.google.common.util.concurrent.AbstractCatchingFuture$AsyncCatchingFuture.doFallback(AbstractCatchingFuture.java:194)
	at com.google.common.util.concurrent.AbstractCatchingFuture.run(AbstractCatchingFuture.java:136)
	at com.google.common.util.concurrent.DirectExecutor.execute(DirectExecutor.java:30)
	at com.google.common.util.concurrent.AbstractFuture.executeListener(AbstractFuture.java:1024)
	at com.google.common.util.concurrent.AbstractFuture.addListener(AbstractFuture.java:486)
	at com.google.common.util.concurrent.FluentFuture$TrustedFuture.addListener(FluentFuture.java:122)
	at com.google.common.util.concurrent.AbstractCatchingFuture.createAsync(AbstractCatchingFuture.java:58)
	at com.google.common.util.concurrent.Futures.catchingAsync(Futures.java:409)
	at com.google.firebase.rules.runtime.impl.DefaultEvaluator.evaluate(DefaultEvaluator.java:177)
	at com.google.cloud.datastore.emulator.impl.rules.EmulatorRuleClient$EmulatorRuleEvaluator.evaluate(EmulatorRuleClient.java:88)
	at com.google.cloud.datastore.core.auth.rules.AsyncTwoPhaseRulesAuthorizer.lambda$fullEvaluate$0(AsyncTwoPhaseRulesAuthorizer.java:1001)
	at com.google.cloud.datastore.computation.Computation.tryCatch(Computation.java:469)
	at com.google.cloud.datastore.core.auth.rules.AsyncTwoPhaseRulesAuthorizer.fullEvaluate(AsyncTwoPhaseRulesAuthorizer.java:1000)
	at com.google.cloud.datastore.core.auth.rules.AsyncTwoPhaseRulesAuthorizer$CommitAuthorizerImpl.lambda$checkWrite$0(AsyncTwoPhaseRulesAuthorizer.java:1237)
	at com.google.cloud.datastore.computation.Computation.lambda$tryClose$1(Computation.java:738)
	at com.google.cloud.datastore.computation.Computation.tryCatch(Computation.java:469)
	at com.google.cloud.datastore.computation.Computation.tryFinally(Computation.java:705)
	at com.google.cloud.datastore.computation.Computation.tryFinally(Computation.java:711)
	at com.google.cloud.datastore.computation.Computation.tryClose(Computation.java:738)
	at com.google.cloud.datastore.core.auth.rules.AsyncTwoPhaseRulesAuthorizer$CommitAuthorizerImpl.checkWrite(AsyncTwoPhaseRulesAuthorizer.java:1206)
	at com.google.cloud.datastore.emulator.impl.rules.DefaultEmulatorRulesAuthorizer.lambda$checkCommit$2(DefaultEmulatorRulesAuthorizer.java:125)
	at com.google.cloud.datastore.computation.Computation.run(Computation.java:81)
	at com.google.cloud.datastore.computation.Computation$Terminated.toFuture(Computation.java:947)
	at com.google.cloud.datastore.computation.Computation.toFuture(Computation.java:92)
	at com.google.cloud.datastore.emulator.impl.rules.DefaultEmulatorRulesAuthorizer.finish(DefaultEmulatorRulesAuthorizer.java:308)
	at com.google.cloud.datastore.emulator.impl.rules.DefaultEmulatorRulesAuthorizer.lambda$checkCommit$0(DefaultEmulatorRulesAuthorizer.java:123)
	at com.google.cloud.datastore.emulator.impl.rules.DefaultEmulatorRulesAuthorizer.withVerboseErrors(DefaultEmulatorRulesAuthorizer.java:321)
	... 22 more

 {"metadata":{"emulator":{"name":"firestore"},"message":"Aug 12, 2026 8:44:54 AM com.google.cloud.datastore.emulator.impl.util.WrappedStreamObserver onError\nWARNING: Operation failed: \nfalse for 'create' @ L99, evaluation error at L129:26 for 'create' @ L129, false for 'update' @ L99, evaluation error at L133:26 for 'update' @ L133, false for 'create' @ L99, Function not found error: Name: [contains]. for 'create' @ L129\ncom.google.cloud.datastore.core.exception.DatastoreException: \nfalse for 'create' @ L99, evaluation error at L129:26 for 'create' @ L129, false for 'update' @ L99, evaluation error at L133:26 for 'update' @ L133, false for 'create' @ L99, Function not found error: Name: [contains]. for 'create' @ L129\n\tat com.google.cloud.datastore.core.exception.DatastoreException$Builder.build(DatastoreException.java:152)\n\tat com.google.cloud.datastore.emulator.impl.rules.DefaultEmulatorRulesAuthorizer.verboseError(DefaultEmulatorRulesAuthorizer.java:349)\n\tat com.google.cloud.datastore.emulator.impl.rules.DefaultEmulatorRulesAuthorizer.withVerboseErrors(DefaultEmulatorRulesAuthorizer.java:326)\n\tat com.google.cloud.datastore.emulator.impl.rules.DefaultEmulatorRulesAuthorizer.checkCommit(DefaultEmulatorRulesAuthorizer.java:114)\n\tat com.google.cloud.datastore.emulator.impl.firestore.FirestoreEmulatorHelper.commitHelper(FirestoreEmulatorHelper.java:386)\n\tat com.google.cloud.datastore.emulator.impl.firestore.FirestoreEmulatorHelper.internalCommit(FirestoreEmulatorHelper.java:336)\n\tat com.google.cloud.datastore.emulator.impl.firestore.CloudFirestoreV1.internalCommit(CloudFirestoreV1.java:1245)\n\tat com.google.cloud.datastore.emulator.impl.firestore.CloudFirestoreV1.write(CloudFirestoreV1.java:1232)\n\tat com.google.cloud.datastore.emulator.impl.firestore.CloudFirestoreV1WriteStream.handleRequest(CloudFirestoreV1WriteStream.java:222)\n\tat com.google.cloud.datastore.emulator.impl.firestore.CloudFirestoreV1WriteStream.write(CloudFirestoreV1WriteStream.java:144)\n\tat com.google.cloud.datastore.emulator.impl.firestore.CloudFirestoreV1WriteStream.onNext(CloudFirestoreV1WriteStream.java:99)\n\tat com.google.cloud.datastore.emulator.impl.firestore.CloudFirestoreV1WriteStream.onNext(CloudFirestoreV1WriteStream.java:27)\n\tat io.grpc.stub.ServerCalls$StreamingServerCallHandler$StreamingServerCallListener.onMessage(ServerCalls.java:262)\n\tat io.grpc.ForwardingServerCallListener.onMessage(ForwardingServerCallListener.java:33)\n\tat io.grpc.Contexts$ContextualizedServerCallListener.onMessage(Contexts.java:76)\n\tat io.grpc.ForwardingServerCallListener.onMessage(ForwardingServerCallListener.java:33)\n\tat io.grpc.Contexts$ContextualizedServerCallListener.onMessage(Contexts.java:76)\n\tat io.grpc.internal.ServerCallImpl$ServerStreamListenerImpl.messagesAvailableInternal(ServerCallImpl.java:334)\n\tat io.grpc.internal.ServerCallImpl$ServerStreamListenerImpl.messagesAvailable(ServerCallImpl.java:319)\n\tat io.grpc.internal.ServerImpl$JumpToApplicationThreadServerStreamListener$1MessagesAvailable.runInContext(ServerImpl.java:834)\n\tat io.grpc.internal.ContextRunnable.run(ContextRunnable.java:37)\n\tat io.grpc.internal.SerializingExecutor.run(SerializingExecutor.java:133)\n\tat java.base/java.util.concurrent.ThreadPoolExecutor.runWorker(ThreadPoolExecutor.java:1144)\n\tat java.base/java.util.concurrent.ThreadPoolExecutor$Worker.run(ThreadPoolExecutor.java:642)\n\tat java.base/java.lang.Thread.run(Thread.java:1583)\nCaused by: com.google.firebase.rules.runtime.common.EvaluationException: Error:  line [85], column [16]. Function not found error: Name: [contains].\n\tat com.google.firebase.rules.runtime.impl.DefaultEvaluator$TransformEvaluationException.apply(DefaultEvaluator.java:275)\n\tat com.google.firebase.rules.runtime.impl.DefaultEvaluator$TransformEvaluationException.apply(DefaultEvaluator.java:261)\n\tat com.google.common.util.concurrent.AbstractCatchingFuture$AsyncCatchingFuture.doFallback(AbstractCatchingFuture.java:207)\n\tat com.google.common.util.concurrent.AbstractCatchingFuture$AsyncCatchingFuture.doFallback(AbstractCatchingFuture.java:194)\n\tat com.google.common.util.concurrent.AbstractCatchingFuture.run(AbstractCatchingFuture.java:136)\n\tat com.google.common.util.concurrent.DirectExecutor.execute(DirectExecutor.java:30)\n\tat com.google.common.util.concurrent.AbstractFuture.executeListener(AbstractFuture.java:1024)\n\tat com.google.common.util.concurrent.AbstractFuture.addListener(AbstractFuture.java:486)\n\tat com.google.common.util.concurrent.FluentFuture$TrustedFuture.addListener(FluentFuture.java:122)\n\tat com.google.common.util.concurrent.AbstractCatchingFuture.createAsync(AbstractCatchingFuture.java:58)\n\tat com.google.common.util.concurrent.Futures.catchingAsync(Futures.java:409)\n\tat com.google.firebase.rules.runtime.impl.DefaultEvaluator.evaluate(DefaultEvaluator.java:177)\n\tat com.google.cloud.datastore.emulator.impl.rules.EmulatorRuleClient$EmulatorRuleEvaluator.evaluate(EmulatorRuleClient.java:88)\n\tat com.google.cloud.datastore.core.auth.rules.AsyncTwoPhaseRulesAuthorizer.lambda$fullEvaluate$0(AsyncTwoPhaseRulesAuthorizer.java:1001)\n\tat com.google.cloud.datastore.computation.Computation.tryCatch(Computation.java:469)\n\tat com.google.cloud.datastore.core.auth.rules.AsyncTwoPhaseRulesAuthorizer.fullEvaluate(AsyncTwoPhaseRulesAuthorizer.java:1000)\n\tat com.google.cloud.datastore.core.auth.rules.AsyncTwoPhaseRulesAuthorizer$CommitAuthorizerImpl.lambda$checkWrite$0(AsyncTwoPhaseRulesAuthorizer.java:1237)\n\tat com.google.cloud.datastore.computation.Computation.lambda$tryClose$1(Computation.java:738)\n\tat com.google.cloud.datastore.computation.Computation.tryCatch(Computation.java:469)\n\tat com.google.cloud.datastore.computation.Computation.tryFinally(Computation.java:705)\n\tat com.google.cloud.datastore.computation.Computation.tryFinally(Computation.java:711)\n\tat com.google.cloud.datastore.computation.Computation.tryClose(Computation.java:738)\n\tat com.google.cloud.datastore.core.auth.rules.AsyncTwoPhaseRulesAuthorizer$CommitAuthorizerImpl.checkWrite(AsyncTwoPhaseRulesAuthorizer.java:1206)\n\tat com.google.cloud.datastore.emulator.impl.rules.DefaultEmulatorRulesAuthorizer.lambda$checkCommit$2(DefaultEmulatorRulesAuthorizer.java:125)\n\tat com.google.cloud.datastore.computation.Computation.run(Computation.java:81)\n\tat com.google.cloud.datastore.computation.Computation$Terminated.toFuture(Computation.java:947)\n\tat com.google.cloud.datastore.computation.Computation.toFuture(Computation.java:92)\n\tat com.google.cloud.datastore.emulator.impl.rules.DefaultEmulatorRulesAuthorizer.finish(DefaultEmulatorRulesAuthorizer.java:308)\n\tat com.google.cloud.datastore.emulator.impl.rules.DefaultEmulatorRulesAuthorizer.lambda$checkCommit$0(DefaultEmulatorRulesAuthorizer.java:123)\n\tat com.google.cloud.datastore.emulator.impl.rules.DefaultEmulatorRulesAuthorizer.withVerboseErrors(DefaultEmulatorRulesAuthorizer.java:321)\n\t... 22 more\n\n"}}
[debug] [2026-08-12T08:44:54.218Z] Aug 12, 2026 8:44:54 AM com.google.cloud.datastore.emulator.impl.util.WrappedStreamObserver onError
WARNING: Operation failed: 
false for 'create' @ L99, evaluation error at L129:26 for 'create' @ L129, false for 'update' @ L99, evaluation error at L133:26 for 'update' @ L133, false for 'create' @ L99, Function not found error: Name: [contains]. for 'create' @ L129
com.google.cloud.datastore.core.exception.DatastoreException: 
false for 'create' @ L99, evaluation error at L129:26 for 'create' @ L129, false for 'update' @ L99, evaluation error at L133:26 for 'update' @ L133, false for 'create' @ L99, Function not found error: Name: [contains]. for 'create' @ L129
	at com.google.cloud.datastore.core.exception.DatastoreException$Builder.build(DatastoreException.java:152)
	at com.google.cloud.datastore.emulator.impl.rules.DefaultEmulatorRulesAuthorizer.verboseError(DefaultEmulatorRulesAuthorizer.java:349)
	at com.google.cloud.datastore.emulator.impl.rules.DefaultEmulatorRulesAuthorizer.withVerboseErrors(DefaultEmulatorRulesAuthorizer.java:326)
	at com.google.cloud.datastore.emulator.impl.rules.DefaultEmulatorRulesAuthorizer.checkCommit(DefaultEmulatorRulesAuthorizer.java:114)
	at com.google.cloud.datastore.emulator.impl.firestore.FirestoreEmulatorHelper.commitHelper(FirestoreEmulatorHelper.java:386)
	at com.google.cloud.datastore.emulator.impl.firestore.FirestoreEmulatorHelper.internalCommit(FirestoreEmulatorHelper.java:336)
	at com.google.cloud.datastore.emulator.impl.firestore.CloudFirestoreV1.internalCommit(CloudFirestoreV1.java:1245)
	at com.google.cloud.datastore.emulator.impl.firestore.CloudFirestoreV1.write(CloudFirestoreV1.java:1232)
	at com.google.cloud.datastore.emulator.impl.firestore.CloudFirestoreV1WriteStream.handleRequest(CloudFirestoreV1WriteStream.java:222)
	at com.google.cloud.datastore.emulator.impl.firestore.CloudFirestoreV1WriteStream.write(CloudFirestoreV1WriteStream.java:144)
	at com.google.cloud.datastore.emulator.impl.firestore.CloudFirestoreV1WriteStream.onNext(CloudFirestoreV1WriteStream.java:99)
	at com.google.cloud.datastore.emulator.impl.firestore.CloudFirestoreV1WriteStream.onNext(CloudFirestoreV1WriteStream.java:27)
	at io.grpc.stub.ServerCalls$StreamingServerCallHandler$StreamingServerCallListener.onMessage(ServerCalls.java:262)
	at io.grpc.ForwardingServerCallListener.onMessage(ForwardingServerCallListener.java:33)
	at io.grpc.Contexts$ContextualizedServerCallListener.onMessage(Contexts.java:76)
	at io.grpc.ForwardingServerCallListener.onMessage(ForwardingServerCallListener.java:33)
	at io.grpc.Contexts$ContextualizedServerCallListener.onMessage(Contexts.java:76)
	at io.grpc.internal.ServerCallImpl$ServerStreamListenerImpl.messagesAvailableInternal(ServerCallImpl.java:334)
	at io.grpc.internal.ServerCallImpl$ServerStreamListenerImpl.messagesAvailable(ServerCallImpl.java:319)
	at io.grpc.internal.ServerImpl$JumpToApplicationThreadServerStreamListener$1MessagesAvailable.runInContext(ServerImpl.java:834)
	at io.grpc.internal.ContextRunnable.run(ContextRunnable.java:37)
	at io.grpc.internal.SerializingExecutor.run(SerializingExecutor.java:133)
	at java.base/java.util.concurrent.ThreadPoolExecutor.runWorker(ThreadPoolExecutor.java:1144)
	at java.base/java.util.concurrent.ThreadPoolExecutor$Worker.run(ThreadPoolExecutor.java:642)
	at java.base/java.lang.Thread.run(Thread.java:1583)
Caused by: com.google.firebase.rules.runtime.common.EvaluationException: Error:  line [85], column [16]. Function not found error: Name: [contains].
	at com.google.firebase.rules.runtime.impl.DefaultEvaluator$TransformEvaluationException.apply(DefaultEvaluator.java:275)
	at com.google.firebase.rules.runtime.impl.DefaultEvaluator$TransformEvaluationException.apply(DefaultEvaluator.java:261)
	at com.google.common.util.concurrent.AbstractCatchingFuture$AsyncCatchingFuture.doFallback(AbstractCatchingFuture.java:207)
	at com.google.common.util.concurrent.AbstractCatchingFuture$AsyncCatchingFuture.doFallback(AbstractCatchingFuture.java:194)
	at com.google.common.util.concurrent.AbstractCatchingFuture.run(AbstractCatchingFuture.java:136)
	at com.google.common.util.concurrent.DirectExecutor.execute(DirectExecutor.java:30)
	at com.google.common.util.concurrent.AbstractFuture.executeListener(AbstractFuture.java:1024)
	at com.google.common.util.concurrent.AbstractFuture.addListener(AbstractFuture.java:486)
	at com.google.common.util.concurrent.FluentFuture$TrustedFuture.addListener(FluentFuture.java:122)
	at com.google.common.util.concurrent.AbstractCatchingFuture.createAsync(AbstractCatchingFuture.java:58)
	at com.google.common.util.concurrent.Futures.catchingAsync(Futures.java:409)
	at com.google.firebase.rules.runtime.impl.DefaultEvaluator.evaluate(DefaultEvaluator.java:177)
	at com.google.cloud.datastore.emulator.impl.rules.EmulatorRuleClient$EmulatorRuleEvaluator.evaluate(EmulatorRuleClient.java:88)
	at com.google.cloud.datastore.core.auth.rules.AsyncTwoPhaseRulesAuthorizer.lambda$fullEvaluate$0(AsyncTwoPhaseRulesAuthorizer.java:1001)
	at com.google.cloud.datastore.computation.Computation.tryCatch(Computation.java:469)
	at com.google.cloud.datastore.core.auth.rules.AsyncTwoPhaseRulesAuthorizer.fullEvaluate(AsyncTwoPhaseRulesAuthorizer.java:1000)
	at com.google.cloud.datastore.core.auth.rules.AsyncTwoPhaseRulesAuthorizer$CommitAuthorizerImpl.lambda$checkWrite$0(AsyncTwoPhaseRulesAuthorizer.java:1237)
	at com.google.cloud.datastore.computation.Computation.lambda$tryClose$1(Computation.java:738)
	at com.google.cloud.datastore.computation.Computation.tryCatch(Computation.java:469)
	at com.google.cloud.datastore.computation.Computation.tryFinally(Computation.java:705)
	at com.google.cloud.datastore.computation.Computation.tryFinally(Computation.java:711)
	at com.google.cloud.datastore.computation.Computation.tryClose(Computation.java:738)
	at com.google.cloud.datastore.core.auth.rules.AsyncTwoPhaseRulesAuthorizer$CommitAuthorizerImpl.checkWrite(AsyncTwoPhaseRulesAuthorizer.java:1206)
	at com.google.cloud.datastore.emulator.impl.rules.DefaultEmulatorRulesAuthorizer.lambda$checkCommit$2(DefaultEmulatorRulesAuthorizer.java:125)
	at com.google.cloud.datastore.computation.Computation.run(Computation.java:81)
	at com.google.cloud.datastore.computation.Computation$Terminated.toFuture(Computation.java:947)
	at com.google.cloud.datastore.computation.Computation.toFuture(Computation.java:92)
	at com.google.cloud.datastore.emulator.impl.rules.DefaultEmulatorRulesAuthorizer.finish(DefaultEmulatorRulesAuthorizer.java:308)
	at com.google.cloud.datastore.emulator.impl.rules.DefaultEmulatorRulesAuthorizer.lambda$checkCommit$0(DefaultEmulatorRulesAuthorizer.java:123)
	at com.google.cloud.datastore.emulator.impl.rules.DefaultEmulatorRulesAuthorizer.withVerboseErrors(DefaultEmulatorRulesAuthorizer.java:321)
	... 22 more

 {"metadata":{"emulator":{"name":"firestore"},"message":"Aug 12, 2026 8:44:54 AM com.google.cloud.datastore.emulator.impl.util.WrappedStreamObserver onError\nWARNING: Operation failed: \nfalse for 'create' @ L99, evaluation error at L129:26 for 'create' @ L129, false for 'update' @ L99, evaluation error at L133:26 for 'update' @ L133, false for 'create' @ L99, Function not found error: Name: [contains]. for 'create' @ L129\ncom.google.cloud.datastore.core.exception.DatastoreException: \nfalse for 'create' @ L99, evaluation error at L129:26 for 'create' @ L129, false for 'update' @ L99, evaluation error at L133:26 for 'update' @ L133, false for 'create' @ L99, Function not found error: Name: [contains]. for 'create' @ L129\n\tat com.google.cloud.datastore.core.exception.DatastoreException$Builder.build(DatastoreException.java:152)\n\tat com.google.cloud.datastore.emulator.impl.rules.DefaultEmulatorRulesAuthorizer.verboseError(DefaultEmulatorRulesAuthorizer.java:349)\n\tat com.google.cloud.datastore.emulator.impl.rules.DefaultEmulatorRulesAuthorizer.withVerboseErrors(DefaultEmulatorRulesAuthorizer.java:326)\n\tat com.google.cloud.datastore.emulator.impl.rules.DefaultEmulatorRulesAuthorizer.checkCommit(DefaultEmulatorRulesAuthorizer.java:114)\n\tat com.google.cloud.datastore.emulator.impl.firestore.FirestoreEmulatorHelper.commitHelper(FirestoreEmulatorHelper.java:386)\n\tat com.google.cloud.datastore.emulator.impl.firestore.FirestoreEmulatorHelper.internalCommit(FirestoreEmulatorHelper.java:336)\n\tat com.google.cloud.datastore.emulator.impl.firestore.CloudFirestoreV1.internalCommit(CloudFirestoreV1.java:1245)\n\tat com.google.cloud.datastore.emulator.impl.firestore.CloudFirestoreV1.write(CloudFirestoreV1.java:1232)\n\tat com.google.cloud.datastore.emulator.impl.firestore.CloudFirestoreV1WriteStream.handleRequest(CloudFirestoreV1WriteStream.java:222)\n\tat com.google.cloud.datastore.emulator.impl.firestore.CloudFirestoreV1WriteStream.write(CloudFirestoreV1WriteStream.java:144)\n\tat com.google.cloud.datastore.emulator.impl.firestore.CloudFirestoreV1WriteStream.onNext(CloudFirestoreV1WriteStream.java:99)\n\tat com.google.cloud.datastore.emulator.impl.firestore.CloudFirestoreV1WriteStream.onNext(CloudFirestoreV1WriteStream.java:27)\n\tat io.grpc.stub.ServerCalls$StreamingServerCallHandler$StreamingServerCallListener.onMessage(ServerCalls.java:262)\n\tat io.grpc.ForwardingServerCallListener.onMessage(ForwardingServerCallListener.java:33)\n\tat io.grpc.Contexts$ContextualizedServerCallListener.onMessage(Contexts.java:76)\n\tat io.grpc.ForwardingServerCallListener.onMessage(ForwardingServerCallListener.java:33)\n\tat io.grpc.Contexts$ContextualizedServerCallListener.onMessage(Contexts.java:76)\n\tat io.grpc.internal.ServerCallImpl$ServerStreamListenerImpl.messagesAvailableInternal(ServerCallImpl.java:334)\n\tat io.grpc.internal.ServerCallImpl$ServerStreamListenerImpl.messagesAvailable(ServerCallImpl.java:319)\n\tat io.grpc.internal.ServerImpl$JumpToApplicationThreadServerStreamListener$1MessagesAvailable.runInContext(ServerImpl.java:834)\n\tat io.grpc.internal.ContextRunnable.run(ContextRunnable.java:37)\n\tat io.grpc.internal.SerializingExecutor.run(SerializingExecutor.java:133)\n\tat java.base/java.util.concurrent.ThreadPoolExecutor.runWorker(ThreadPoolExecutor.java:1144)\n\tat java.base/java.util.concurrent.ThreadPoolExecutor$Worker.run(ThreadPoolExecutor.java:642)\n\tat java.base/java.lang.Thread.run(Thread.java:1583)\nCaused by: com.google.firebase.rules.runtime.common.EvaluationException: Error:  line [85], column [16]. Function not found error: Name: [contains].\n\tat com.google.firebase.rules.runtime.impl.DefaultEvaluator$TransformEvaluationException.apply(DefaultEvaluator.java:275)\n\tat com.google.firebase.rules.runtime.impl.DefaultEvaluator$TransformEvaluationException.apply(DefaultEvaluator.java:261)\n\tat com.google.common.util.concurrent.AbstractCatchingFuture$AsyncCatchingFuture.doFallback(AbstractCatchingFuture.java:207)\n\tat com.google.common.util.concurrent.AbstractCatchingFuture$AsyncCatchingFuture.doFallback(AbstractCatchingFuture.java:194)\n\tat com.google.common.util.concurrent.AbstractCatchingFuture.run(AbstractCatchingFuture.java:136)\n\tat com.google.common.util.concurrent.DirectExecutor.execute(DirectExecutor.java:30)\n\tat com.google.common.util.concurrent.AbstractFuture.executeListener(AbstractFuture.java:1024)\n\tat com.google.common.util.concurrent.AbstractFuture.addListener(AbstractFuture.java:486)\n\tat com.google.common.util.concurrent.FluentFuture$TrustedFuture.addListener(FluentFuture.java:122)\n\tat com.google.common.util.concurrent.AbstractCatchingFuture.createAsync(AbstractCatchingFuture.java:58)\n\tat com.google.common.util.concurrent.Futures.catchingAsync(Futures.java:409)\n\tat com.google.firebase.rules.runtime.impl.DefaultEvaluator.evaluate(DefaultEvaluator.java:177)\n\tat com.google.cloud.datastore.emulator.impl.rules.EmulatorRuleClient$EmulatorRuleEvaluator.evaluate(EmulatorRuleClient.java:88)\n\tat com.google.cloud.datastore.core.auth.rules.AsyncTwoPhaseRulesAuthorizer.lambda$fullEvaluate$0(AsyncTwoPhaseRulesAuthorizer.java:1001)\n\tat com.google.cloud.datastore.computation.Computation.tryCatch(Computation.java:469)\n\tat com.google.cloud.datastore.core.auth.rules.AsyncTwoPhaseRulesAuthorizer.fullEvaluate(AsyncTwoPhaseRulesAuthorizer.java:1000)\n\tat com.google.cloud.datastore.core.auth.rules.AsyncTwoPhaseRulesAuthorizer$CommitAuthorizerImpl.lambda$checkWrite$0(AsyncTwoPhaseRulesAuthorizer.java:1237)\n\tat com.google.cloud.datastore.computation.Computation.lambda$tryClose$1(Computation.java:738)\n\tat com.google.cloud.datastore.computation.Computation.tryCatch(Computation.java:469)\n\tat com.google.cloud.datastore.computation.Computation.tryFinally(Computation.java:705)\n\tat com.google.cloud.datastore.computation.Computation.tryFinally(Computation.java:711)\n\tat com.google.cloud.datastore.computation.Computation.tryClose(Computation.java:738)\n\tat com.google.cloud.datastore.core.auth.rules.AsyncTwoPhaseRulesAuthorizer$CommitAuthorizerImpl.checkWrite(AsyncTwoPhaseRulesAuthorizer.java:1206)\n\tat com.google.cloud.datastore.emulator.impl.rules.DefaultEmulatorRulesAuthorizer.lambda$checkCommit$2(DefaultEmulatorRulesAuthorizer.java:125)\n\tat com.google.cloud.datastore.computation.Computation.run(Computation.java:81)\n\tat com.google.cloud.datastore.computation.Computation$Terminated.toFuture(Computation.java:947)\n\tat com.google.cloud.datastore.computation.Computation.toFuture(Computation.java:92)\n\tat com.google.cloud.datastore.emulator.impl.rules.DefaultEmulatorRulesAuthorizer.finish(DefaultEmulatorRulesAuthorizer.java:308)\n\tat com.google.cloud.datastore.emulator.impl.rules.DefaultEmulatorRulesAuthorizer.lambda$checkCommit$0(DefaultEmulatorRulesAuthorizer.java:123)\n\tat com.google.cloud.datastore.emulator.impl.rules.DefaultEmulatorRulesAuthorizer.withVerboseErrors(DefaultEmulatorRulesAuthorizer.java:321)\n\t... 22 more\n\n"}}
[debug] [2026-08-12T08:44:54.352Z] Aug 12, 2026 8:44:54 AM com.google.cloud.datastore.emulator.impl.util.WrappedStreamObserver onError
WARNING: Operation failed: 
false for 'create' @ L99, evaluation error at L129:26 for 'create' @ L129, false for 'update' @ L99, evaluation error at L133:26 for 'update' @ L133, false for 'create' @ L99, Function not found error: Name: [contains]. for 'create' @ L129
com.google.cloud.datastore.core.exception.DatastoreException: 
false for 'create' @ L99, evaluation error at L129:26 for 'create' @ L129, false for 'update' @ L99, evaluation error at L133:26 for 'update' @ L133, false for 'create' @ L99, Function not found error: Name: [contains]. for 'create' @ L129
	at com.google.cloud.datastore.core.exception.DatastoreException$Builder.build(DatastoreException.java:152)
	at com.google.cloud.datastore.emulator.impl.rules.DefaultEmulatorRulesAuthorizer.verboseError(DefaultEmulatorRulesAuthorizer.java:349)
	at com.google.cloud.datastore.emulator.impl.rules.DefaultEmulatorRulesAuthorizer.withVerboseErrors(DefaultEmulatorRulesAuthorizer.java:326)
	at com.google.cloud.datastore.emulator.impl.rules.DefaultEmulatorRulesAuthorizer.checkCommit(DefaultEmulatorRulesAuthorizer.java:114)
	at com.google.cloud.datastore.emulator.impl.firestore.FirestoreEmulatorHelper.commitHelper(FirestoreEmulatorHelper.java:386)
	at com.google.cloud.datastore.emulator.impl.firestore.FirestoreEmulatorHelper.internalCommit(FirestoreEmulatorHelper.java:336)
	at com.google.cloud.datastore.emulator.impl.firestore.CloudFirestoreV1.internalCommit(CloudFirestoreV1.java:1245)
	at com.google.cloud.datastore.emulator.impl.firestore.CloudFirestoreV1.write(CloudFirestoreV1.java:1232)
	at com.google.cloud.datastore.emulator.impl.firestore.CloudFirestoreV1WriteStream.handleRequest(CloudFirestoreV1WriteStream.java:222)
	at com.google.cloud.datastore.emulator.impl.firestore.CloudFirestoreV1WriteStream.write(CloudFirestoreV1WriteStream.java:144)
	at com.google.cloud.datastore.emulator.impl.firestore.CloudFirestoreV1WriteStream.onNext(CloudFirestoreV1WriteStream.java:99)
	at com.google.cloud.datastore.emulator.impl.firestore.CloudFirestoreV1WriteStream.onNext(CloudFirestoreV1WriteStream.java:27)
	at io.grpc.stub.ServerCalls$StreamingServerCallHandler$StreamingServerCallListener.onMessage(ServerCalls.java:262)
	at io.grpc.ForwardingServerCallListener.onMessage(ForwardingServerCallListener.java:33)
	at io.grpc.Contexts$ContextualizedServerCallListener.onMessage(Contexts.java:76)
	at io.grpc.ForwardingServerCallListener.onMessage(ForwardingServerCallListener.java:33)
	at io.grpc.Contexts$ContextualizedServerCallListener.onMessage(Contexts.java:76)
	at io.grpc.internal.ServerCallImpl$ServerStreamListenerImpl.messagesAvailableInternal(ServerCallImpl.java:334)
	at io.grpc.internal.ServerCallImpl$ServerStreamListenerImpl.messagesAvailable(ServerCallImpl.java:319)
	at io.grpc.internal.ServerImpl$JumpToApplicationThreadServerStreamListener$1MessagesAvailable.runInContext(ServerImpl.java:834)
	at io.grpc.internal.ContextRunnable.run(ContextRunnable.java:37)
	at io.grpc.internal.SerializingExecutor.run(SerializingExecutor.java:133)
	at java.base/java.util.concurrent.ThreadPoolExecutor.runWorker(ThreadPoolExecutor.java:1144)
	at java.base/java.util.concurrent.ThreadPoolExecutor$Worker.run(ThreadPoolExecutor.java:642)
	at java.base/java.lang.Thread.run(Thread.java:1583)
Caused by: com.google.firebase.rules.runtime.common.EvaluationException: Error:  line [85], column [16]. Function not found error: Name: [contains].
	at com.google.firebase.rules.runtime.impl.DefaultEvaluator$TransformEvaluationException.apply(DefaultEvaluator.java:275)
	at com.google.firebase.rules.runtime.impl.DefaultEvaluator$TransformEvaluationException.apply(DefaultEvaluator.java:261)
	at com.google.common.util.concurrent.AbstractCatchingFuture$AsyncCatchingFuture.doFallback(AbstractCatchingFuture.java:207)
	at com.google.common.util.concurrent.AbstractCatchingFuture$AsyncCatchingFuture.doFallback(AbstractCatchingFuture.java:194)
	at com.google.common.util.concurrent.AbstractCatchingFuture.run(AbstractCatchingFuture.java:136)
	at com.google.common.util.concurrent.DirectExecutor.execute(DirectExecutor.java:30)
	at com.google.common.util.concurrent.AbstractFuture.executeListener(AbstractFuture.java:1024)
	at com.google.common.util.concurrent.AbstractFuture.addListener(AbstractFuture.java:486)
	at com.google.common.util.concurrent.FluentFuture$TrustedFuture.addListener(FluentFuture.java:122)
	at com.google.common.util.concurrent.AbstractCatchingFuture.createAsync(AbstractCatchingFuture.java:58)
	at com.google.common.util.concurrent.Futures.catchingAsync(Futures.java:409)
	at com.google.firebase.rules.runtime.impl.DefaultEvaluator.evaluate(DefaultEvaluator.java:177)
	at com.google.cloud.datastore.emulator.impl.rules.EmulatorRuleClient$EmulatorRuleEvaluator.evaluate(EmulatorRuleClient.java:88)
	at com.google.cloud.datastore.core.auth.rules.AsyncTwoPhaseRulesAuthorizer.lambda$fullEvaluate$0(AsyncTwoPhaseRulesAuthorizer.java:1001)
	at com.google.cloud.datastore.computation.Computation.tryCatch(Computation.java:469)
	at com.google.cloud.datastore.core.auth.rules.AsyncTwoPhaseRulesAuthorizer.fullEvaluate(AsyncTwoPhaseRulesAuthorizer.java:1000)
	at com.google.cloud.datastore.core.auth.rules.AsyncTwoPhaseRulesAuthorizer$CommitAuthorizerImpl.lambda$checkWrite$0(AsyncTwoPhaseRulesAuthorizer.java:1237)
	at com.google.cloud.datastore.computation.Computation.lambda$tryClose$1(Computation.java:738)
	at com.google.cloud.datastore.computation.Computation.tryCatch(Computation.java:469)
	at com.google.cloud.datastore.computation.Computation.tryFinally(Computation.java:705)
	at com.google.cloud.datastore.computation.Computation.tryFinally(Computation.java:711)
	at com.google.cloud.datastore.computation.Computation.tryClose(Computation.java:738)
	at com.google.cloud.datastore.core.auth.rules.AsyncTwoPhaseRulesAuthorizer$CommitAuthorizerImpl.checkWrite(AsyncTwoPhaseRulesAuthorizer.java:1206)
	at com.google.cloud.datastore.emulator.impl.rules.DefaultEmulatorRulesAuthorizer.lambda$checkCommit$2(DefaultEmulatorRulesAuthorizer.java:125)
	at com.google.cloud.datastore.computation.Computation.run(Computation.java:81)
	at com.google.cloud.datastore.computation.Computation$Terminated.toFuture(Computation.java:947)
	at com.google.cloud.datastore.computation.Computation.toFuture(Computation.java:92)
	at com.google.cloud.datastore.emulator.impl.rules.DefaultEmulatorRulesAuthorizer.finish(DefaultEmulatorRulesAuthorizer.java:308)
	at com.google.cloud.datastore.emulator.impl.rules.DefaultEmulatorRulesAuthorizer.lambda$checkCommit$0(DefaultEmulatorRulesAuthorizer.java:123)
	at com.google.cloud.datastore.emulator.impl.rules.DefaultEmulatorRulesAuthorizer.withVerboseErrors(DefaultEmulatorRulesAuthorizer.java:321)
	... 22 more

 {"metadata":{"emulator":{"name":"firestore"},"message":"Aug 12, 2026 8:44:54 AM com.google.cloud.datastore.emulator.impl.util.WrappedStreamObserver onError\nWARNING: Operation failed: \nfalse for 'create' @ L99, evaluation error at L129:26 for 'create' @ L129, false for 'update' @ L99, evaluation error at L133:26 for 'update' @ L133, false for 'create' @ L99, Function not found error: Name: [contains]. for 'create' @ L129\ncom.google.cloud.datastore.core.exception.DatastoreException: \nfalse for 'create' @ L99, evaluation error at L129:26 for 'create' @ L129, false for 'update' @ L99, evaluation error at L133:26 for 'update' @ L133, false for 'create' @ L99, Function not found error: Name: [contains]. for 'create' @ L129\n\tat com.google.cloud.datastore.core.exception.DatastoreException$Builder.build(DatastoreException.java:152)\n\tat com.google.cloud.datastore.emulator.impl.rules.DefaultEmulatorRulesAuthorizer.verboseError(DefaultEmulatorRulesAuthorizer.java:349)\n\tat com.google.cloud.datastore.emulator.impl.rules.DefaultEmulatorRulesAuthorizer.withVerboseErrors(DefaultEmulatorRulesAuthorizer.java:326)\n\tat com.google.cloud.datastore.emulator.impl.rules.DefaultEmulatorRulesAuthorizer.checkCommit(DefaultEmulatorRulesAuthorizer.java:114)\n\tat com.google.cloud.datastore.emulator.impl.firestore.FirestoreEmulatorHelper.commitHelper(FirestoreEmulatorHelper.java:386)\n\tat com.google.cloud.datastore.emulator.impl.firestore.FirestoreEmulatorHelper.internalCommit(FirestoreEmulatorHelper.java:336)\n\tat com.google.cloud.datastore.emulator.impl.firestore.CloudFirestoreV1.internalCommit(CloudFirestoreV1.java:1245)\n\tat com.google.cloud.datastore.emulator.impl.firestore.CloudFirestoreV1.write(CloudFirestoreV1.java:1232)\n\tat com.google.cloud.datastore.emulator.impl.firestore.CloudFirestoreV1WriteStream.handleRequest(CloudFirestoreV1WriteStream.java:222)\n\tat com.google.cloud.datastore.emulator.impl.firestore.CloudFirestoreV1WriteStream.write(CloudFirestoreV1WriteStream.java:144)\n\tat com.google.cloud.datastore.emulator.impl.firestore.CloudFirestoreV1WriteStream.onNext(CloudFirestoreV1WriteStream.java:99)\n\tat com.google.cloud.datastore.emulator.impl.firestore.CloudFirestoreV1WriteStream.onNext(CloudFirestoreV1WriteStream.java:27)\n\tat io.grpc.stub.ServerCalls$StreamingServerCallHandler$StreamingServerCallListener.onMessage(ServerCalls.java:262)\n\tat io.grpc.ForwardingServerCallListener.onMessage(ForwardingServerCallListener.java:33)\n\tat io.grpc.Contexts$ContextualizedServerCallListener.onMessage(Contexts.java:76)\n\tat io.grpc.ForwardingServerCallListener.onMessage(ForwardingServerCallListener.java:33)\n\tat io.grpc.Contexts$ContextualizedServerCallListener.onMessage(Contexts.java:76)\n\tat io.grpc.internal.ServerCallImpl$ServerStreamListenerImpl.messagesAvailableInternal(ServerCallImpl.java:334)\n\tat io.grpc.internal.ServerCallImpl$ServerStreamListenerImpl.messagesAvailable(ServerCallImpl.java:319)\n\tat io.grpc.internal.ServerImpl$JumpToApplicationThreadServerStreamListener$1MessagesAvailable.runInContext(ServerImpl.java:834)\n\tat io.grpc.internal.ContextRunnable.run(ContextRunnable.java:37)\n\tat io.grpc.internal.SerializingExecutor.run(SerializingExecutor.java:133)\n\tat java.base/java.util.concurrent.ThreadPoolExecutor.runWorker(ThreadPoolExecutor.java:1144)\n\tat java.base/java.util.concurrent.ThreadPoolExecutor$Worker.run(ThreadPoolExecutor.java:642)\n\tat java.base/java.lang.Thread.run(Thread.java:1583)\nCaused by: com.google.firebase.rules.runtime.common.EvaluationException: Error:  line [85], column [16]. Function not found error: Name: [contains].\n\tat com.google.firebase.rules.runtime.impl.DefaultEvaluator$TransformEvaluationException.apply(DefaultEvaluator.java:275)\n\tat com.google.firebase.rules.runtime.impl.DefaultEvaluator$TransformEvaluationException.apply(DefaultEvaluator.java:261)\n\tat com.google.common.util.concurrent.AbstractCatchingFuture$AsyncCatchingFuture.doFallback(AbstractCatchingFuture.java:207)\n\tat com.google.common.util.concurrent.AbstractCatchingFuture$AsyncCatchingFuture.doFallback(AbstractCatchingFuture.java:194)\n\tat com.google.common.util.concurrent.AbstractCatchingFuture.run(AbstractCatchingFuture.java:136)\n\tat com.google.common.util.concurrent.DirectExecutor.execute(DirectExecutor.java:30)\n\tat com.google.common.util.concurrent.AbstractFuture.executeListener(AbstractFuture.java:1024)\n\tat com.google.common.util.concurrent.AbstractFuture.addListener(AbstractFuture.java:486)\n\tat com.google.common.util.concurrent.FluentFuture$TrustedFuture.addListener(FluentFuture.java:122)\n\tat com.google.common.util.concurrent.AbstractCatchingFuture.createAsync(AbstractCatchingFuture.java:58)\n\tat com.google.common.util.concurrent.Futures.catchingAsync(Futures.java:409)\n\tat com.google.firebase.rules.runtime.impl.DefaultEvaluator.evaluate(DefaultEvaluator.java:177)\n\tat com.google.cloud.datastore.emulator.impl.rules.EmulatorRuleClient$EmulatorRuleEvaluator.evaluate(EmulatorRuleClient.java:88)\n\tat com.google.cloud.datastore.core.auth.rules.AsyncTwoPhaseRulesAuthorizer.lambda$fullEvaluate$0(AsyncTwoPhaseRulesAuthorizer.java:1001)\n\tat com.google.cloud.datastore.computation.Computation.tryCatch(Computation.java:469)\n\tat com.google.cloud.datastore.core.auth.rules.AsyncTwoPhaseRulesAuthorizer.fullEvaluate(AsyncTwoPhaseRulesAuthorizer.java:1000)\n\tat com.google.cloud.datastore.core.auth.rules.AsyncTwoPhaseRulesAuthorizer$CommitAuthorizerImpl.lambda$checkWrite$0(AsyncTwoPhaseRulesAuthorizer.java:1237)\n\tat com.google.cloud.datastore.computation.Computation.lambda$tryClose$1(Computation.java:738)\n\tat com.google.cloud.datastore.computation.Computation.tryCatch(Computation.java:469)\n\tat com.google.cloud.datastore.computation.Computation.tryFinally(Computation.java:705)\n\tat com.google.cloud.datastore.computation.Computation.tryFinally(Computation.java:711)\n\tat com.google.cloud.datastore.computation.Computation.tryClose(Computation.java:738)\n\tat com.google.cloud.datastore.core.auth.rules.AsyncTwoPhaseRulesAuthorizer$CommitAuthorizerImpl.checkWrite(AsyncTwoPhaseRulesAuthorizer.java:1206)\n\tat com.google.cloud.datastore.emulator.impl.rules.DefaultEmulatorRulesAuthorizer.lambda$checkCommit$2(DefaultEmulatorRulesAuthorizer.java:125)\n\tat com.google.cloud.datastore.computation.Computation.run(Computation.java:81)\n\tat com.google.cloud.datastore.computation.Computation$Terminated.toFuture(Computation.java:947)\n\tat com.google.cloud.datastore.computation.Computation.toFuture(Computation.java:92)\n\tat com.google.cloud.datastore.emulator.impl.rules.DefaultEmulatorRulesAuthorizer.finish(DefaultEmulatorRulesAuthorizer.java:308)\n\tat com.google.cloud.datastore.emulator.impl.rules.DefaultEmulatorRulesAuthorizer.lambda$checkCommit$0(DefaultEmulatorRulesAuthorizer.java:123)\n\tat com.google.cloud.datastore.emulator.impl.rules.DefaultEmulatorRulesAuthorizer.withVerboseErrors(DefaultEmulatorRulesAuthorizer.java:321)\n\t... 22 more\n\n"}}
[debug] [2026-08-12T08:44:54.466Z] Aug 12, 2026 8:44:54 AM com.google.cloud.datastore.emulator.impl.util.WrappedStreamObserver onError
WARNING: Operation failed: 
false for 'create' @ L99, evaluation error at L129:26 for 'create' @ L129, false for 'update' @ L99, evaluation error at L133:26 for 'update' @ L133, false for 'create' @ L99, Function not found error: Name: [contains]. for 'create' @ L129
com.google.cloud.datastore.core.exception.DatastoreException: 
false for 'create' @ L99, evaluation error at L129:26 for 'create' @ L129, false for 'update' @ L99, evaluation error at L133:26 for 'update' @ L133, false for 'create' @ L99, Function not found error: Name: [contains]. for 'create' @ L129
	at com.google.cloud.datastore.core.exception.DatastoreException$Builder.build(DatastoreException.java:152)
	at com.google.cloud.datastore.emulator.impl.rules.DefaultEmulatorRulesAuthorizer.verboseError(DefaultEmulatorRulesAuthorizer.java:349)
	at com.google.cloud.datastore.emulator.impl.rules.DefaultEmulatorRulesAuthorizer.withVerboseErrors(DefaultEmulatorRulesAuthorizer.java:326)
	at com.google.cloud.datastore.emulator.impl.rules.DefaultEmulatorRulesAuthorizer.checkCommit(DefaultEmulatorRulesAuthorizer.java:114)
	at com.google.cloud.datastore.emulator.impl.firestore.FirestoreEmulatorHelper.commitHelper(FirestoreEmulatorHelper.java:386)
	at com.google.cloud.datastore.emulator.impl.firestore.FirestoreEmulatorHelper.internalCommit(FirestoreEmulatorHelper.java:336)
	at com.google.cloud.datastore.emulator.impl.firestore.CloudFirestoreV1.internalCommit(CloudFirestoreV1.java:1245)
	at com.google.cloud.datastore.emulator.impl.firestore.CloudFirestoreV1.write(CloudFirestoreV1.java:1232)
	at com.google.cloud.datastore.emulator.impl.firestore.CloudFirestoreV1WriteStream.handleRequest(CloudFirestoreV1WriteStream.java:222)
	at com.google.cloud.datastore.emulator.impl.firestore.CloudFirestoreV1WriteStream.write(CloudFirestoreV1WriteStream.java:144)
	at com.google.cloud.datastore.emulator.impl.firestore.CloudFirestoreV1WriteStream.onNext(CloudFirestoreV1WriteStream.java:99)
	at com.google.cloud.datastore.emulator.impl.firestore.CloudFirestoreV1WriteStream.onNext(CloudFirestoreV1WriteStream.java:27)
	at io.grpc.stub.ServerCalls$StreamingServerCallHandler$StreamingServerCallListener.onMessage(ServerCalls.java:262)
	at io.grpc.ForwardingServerCallListener.onMessage(ForwardingServerCallListener.java:33)
	at io.grpc.Contexts$ContextualizedServerCallListener.onMessage(Contexts.java:76)
	at io.grpc.ForwardingServerCallListener.onMessage(ForwardingServerCallListener.java:33)
	at io.grpc.Contexts$ContextualizedServerCallListener.onMessage(Contexts.java:76)
	at io.grpc.internal.ServerCallImpl$ServerStreamListenerImpl.messagesAvailableInternal(ServerCallImpl.java:334)
	at io.grpc.internal.ServerCallImpl$ServerStreamListenerImpl.messagesAvailable(ServerCallImpl.java:319)
	at io.grpc.internal.ServerImpl$JumpToApplicationThreadServerStreamListener$1MessagesAvailable.runInContext(ServerImpl.java:834)
	at io.grpc.internal.ContextRunnable.run(ContextRunnable.java:37)
	at io.grpc.internal.SerializingExecutor.run(SerializingExecutor.java:133)
	at java.base/java.util.concurrent.ThreadPoolExecutor.runWorker(ThreadPoolExecutor.java:1144)
	at java.base/java.util.concurrent.ThreadPoolExecutor$Worker.run(ThreadPoolExecutor.java:642)
	at java.base/java.lang.Thread.run(Thread.java:1583)
Caused by: com.google.firebase.rules.runtime.common.EvaluationException: Error:  line [85], column [16]. Function not found error: Name: [contains].
	at com.google.firebase.rules.runtime.impl.DefaultEvaluator$TransformEvaluationException.apply(DefaultEvaluator.java:275)
	at com.google.firebase.rules.runtime.impl.DefaultEvaluator$TransformEvaluationException.apply(DefaultEvaluator.java:261)
	at com.google.common.util.concurrent.AbstractCatchingFuture$AsyncCatchingFuture.doFallback(AbstractCatchingFuture.java:207)
	at com.google.common.util.concurrent.AbstractCatchingFuture$AsyncCatchingFuture.doFallback(AbstractCatchingFuture.java:194)
	at com.google.common.util.concurrent.AbstractCatchingFuture.run(AbstractCatchingFuture.java:136)
	at com.google.common.util.concurrent.DirectExecutor.execute(DirectExecutor.java:30)
	at com.google.common.util.concurrent.AbstractFuture.executeListener(AbstractFuture.java:1024)
	at com.google.common.util.concurrent.AbstractFuture.addListener(AbstractFuture.java:486)
	at com.google.common.util.concurrent.FluentFuture$TrustedFuture.addListener(FluentFuture.java:122)
	at com.google.common.util.concurrent.AbstractCatchingFuture.createAsync(AbstractCatchingFuture.java:58)
	at com.google.common.util.concurrent.Futures.catchingAsync(Futures.java:409)
	at com.google.firebase.rules.runtime.impl.DefaultEvaluator.evaluate(DefaultEvaluator.java:177)
	at com.google.cloud.datastore.emulator.impl.rules.EmulatorRuleClient$EmulatorRuleEvaluator.evaluate(EmulatorRuleClient.java:88)
	at com.google.cloud.datastore.core.auth.rules.AsyncTwoPhaseRulesAuthorizer.lambda$fullEvaluate$0(AsyncTwoPhaseRulesAuthorizer.java:1001)
	at com.google.cloud.datastore.computation.Computation.tryCatch(Computation.java:469)
	at com.google.cloud.datastore.core.auth.rules.AsyncTwoPhaseRulesAuthorizer.fullEvaluate(AsyncTwoPhaseRulesAuthorizer.java:1000)
	at com.google.cloud.datastore.core.auth.rules.AsyncTwoPhaseRulesAuthorizer$CommitAuthorizerImpl.lambda$checkWrite$0(AsyncTwoPhaseRulesAuthorizer.java:1237)
	at com.google.cloud.datastore.computation.Computation.lambda$tryClose$1(Computation.java:738)
	at com.google.cloud.datastore.computation.Computation.tryCatch(Computation.java:469)
	at com.google.cloud.datastore.computation.Computation.tryFinally(Computation.java:705)
	at com.google.cloud.datastore.computation.Computation.tryFinally(Computation.java:711)
	at com.google.cloud.datastore.computation.Computation.tryClose(Computation.java:738)
	at com.google.cloud.datastore.core.auth.rules.AsyncTwoPhaseRulesAuthorizer$CommitAuthorizerImpl.checkWrite(AsyncTwoPhaseRulesAuthorizer.java:1206)
	at com.google.cloud.datastore.emulator.impl.rules.DefaultEmulatorRulesAuthorizer.lambda$checkCommit$2(DefaultEmulatorRulesAuthorizer.java:125)
	at com.google.cloud.datastore.computation.Computation.run(Computation.java:81)
	at com.google.cloud.datastore.computation.Computation$Terminated.toFuture(Computation.java:947)
	at com.google.cloud.datastore.computation.Computation.toFuture(Computation.java:92)
	at com.google.cloud.datastore.emulator.impl.rules.DefaultEmulatorRulesAuthorizer.finish(DefaultEmulatorRulesAuthorizer.java:308)
	at com.google.cloud.datastore.emulator.impl.rules.DefaultEmulatorRulesAuthorizer.lambda$checkCommit$0(DefaultEmulatorRulesAuthorizer.java:123)
	at com.google.cloud.datastore.emulator.impl.rules.DefaultEmulatorRulesAuthorizer.withVerboseErrors(DefaultEmulatorRulesAuthorizer.java:321)
	... 22 more

 {"metadata":{"emulator":{"name":"firestore"},"message":"Aug 12, 2026 8:44:54 AM com.google.cloud.datastore.emulator.impl.util.WrappedStreamObserver onError\nWARNING: Operation failed: \nfalse for 'create' @ L99, evaluation error at L129:26 for 'create' @ L129, false for 'update' @ L99, evaluation error at L133:26 for 'update' @ L133, false for 'create' @ L99, Function not found error: Name: [contains]. for 'create' @ L129\ncom.google.cloud.datastore.core.exception.DatastoreException: \nfalse for 'create' @ L99, evaluation error at L129:26 for 'create' @ L129, false for 'update' @ L99, evaluation error at L133:26 for 'update' @ L133, false for 'create' @ L99, Function not found error: Name: [contains]. for 'create' @ L129\n\tat com.google.cloud.datastore.core.exception.DatastoreException$Builder.build(DatastoreException.java:152)\n\tat com.google.cloud.datastore.emulator.impl.rules.DefaultEmulatorRulesAuthorizer.verboseError(DefaultEmulatorRulesAuthorizer.java:349)\n\tat com.google.cloud.datastore.emulator.impl.rules.DefaultEmulatorRulesAuthorizer.withVerboseErrors(DefaultEmulatorRulesAuthorizer.java:326)\n\tat com.google.cloud.datastore.emulator.impl.rules.DefaultEmulatorRulesAuthorizer.checkCommit(DefaultEmulatorRulesAuthorizer.java:114)\n\tat com.google.cloud.datastore.emulator.impl.firestore.FirestoreEmulatorHelper.commitHelper(FirestoreEmulatorHelper.java:386)\n\tat com.google.cloud.datastore.emulator.impl.firestore.FirestoreEmulatorHelper.internalCommit(FirestoreEmulatorHelper.java:336)\n\tat com.google.cloud.datastore.emulator.impl.firestore.CloudFirestoreV1.internalCommit(CloudFirestoreV1.java:1245)\n\tat com.google.cloud.datastore.emulator.impl.firestore.CloudFirestoreV1.write(CloudFirestoreV1.java:1232)\n\tat com.google.cloud.datastore.emulator.impl.firestore.CloudFirestoreV1WriteStream.handleRequest(CloudFirestoreV1WriteStream.java:222)\n\tat com.google.cloud.datastore.emulator.impl.firestore.CloudFirestoreV1WriteStream.write(CloudFirestoreV1WriteStream.java:144)\n\tat com.google.cloud.datastore.emulator.impl.firestore.CloudFirestoreV1WriteStream.onNext(CloudFirestoreV1WriteStream.java:99)\n\tat com.google.cloud.datastore.emulator.impl.firestore.CloudFirestoreV1WriteStream.onNext(CloudFirestoreV1WriteStream.java:27)\n\tat io.grpc.stub.ServerCalls$StreamingServerCallHandler$StreamingServerCallListener.onMessage(ServerCalls.java:262)\n\tat io.grpc.ForwardingServerCallListener.onMessage(ForwardingServerCallListener.java:33)\n\tat io.grpc.Contexts$ContextualizedServerCallListener.onMessage(Contexts.java:76)\n\tat io.grpc.ForwardingServerCallListener.onMessage(ForwardingServerCallListener.java:33)\n\tat io.grpc.Contexts$ContextualizedServerCallListener.onMessage(Contexts.java:76)\n\tat io.grpc.internal.ServerCallImpl$ServerStreamListenerImpl.messagesAvailableInternal(ServerCallImpl.java:334)\n\tat io.grpc.internal.ServerCallImpl$ServerStreamListenerImpl.messagesAvailable(ServerCallImpl.java:319)\n\tat io.grpc.internal.ServerImpl$JumpToApplicationThreadServerStreamListener$1MessagesAvailable.runInContext(ServerImpl.java:834)\n\tat io.grpc.internal.ContextRunnable.run(ContextRunnable.java:37)\n\tat io.grpc.internal.SerializingExecutor.run(SerializingExecutor.java:133)\n\tat java.base/java.util.concurrent.ThreadPoolExecutor.runWorker(ThreadPoolExecutor.java:1144)\n\tat java.base/java.util.concurrent.ThreadPoolExecutor$Worker.run(ThreadPoolExecutor.java:642)\n\tat java.base/java.lang.Thread.run(Thread.java:1583)\nCaused by: com.google.firebase.rules.runtime.common.EvaluationException: Error:  line [85], column [16]. Function not found error: Name: [contains].\n\tat com.google.firebase.rules.runtime.impl.DefaultEvaluator$TransformEvaluationException.apply(DefaultEvaluator.java:275)\n\tat com.google.firebase.rules.runtime.impl.DefaultEvaluator$TransformEvaluationException.apply(DefaultEvaluator.java:261)\n\tat com.google.common.util.concurrent.AbstractCatchingFuture$AsyncCatchingFuture.doFallback(AbstractCatchingFuture.java:207)\n\tat com.google.common.util.concurrent.AbstractCatchingFuture$AsyncCatchingFuture.doFallback(AbstractCatchingFuture.java:194)\n\tat com.google.common.util.concurrent.AbstractCatchingFuture.run(AbstractCatchingFuture.java:136)\n\tat com.google.common.util.concurrent.DirectExecutor.execute(DirectExecutor.java:30)\n\tat com.google.common.util.concurrent.AbstractFuture.executeListener(AbstractFuture.java:1024)\n\tat com.google.common.util.concurrent.AbstractFuture.addListener(AbstractFuture.java:486)\n\tat com.google.common.util.concurrent.FluentFuture$TrustedFuture.addListener(FluentFuture.java:122)\n\tat com.google.common.util.concurrent.AbstractCatchingFuture.createAsync(AbstractCatchingFuture.java:58)\n\tat com.google.common.util.concurrent.Futures.catchingAsync(Futures.java:409)\n\tat com.google.firebase.rules.runtime.impl.DefaultEvaluator.evaluate(DefaultEvaluator.java:177)\n\tat com.google.cloud.datastore.emulator.impl.rules.EmulatorRuleClient$EmulatorRuleEvaluator.evaluate(EmulatorRuleClient.java:88)\n\tat com.google.cloud.datastore.core.auth.rules.AsyncTwoPhaseRulesAuthorizer.lambda$fullEvaluate$0(AsyncTwoPhaseRulesAuthorizer.java:1001)\n\tat com.google.cloud.datastore.computation.Computation.tryCatch(Computation.java:469)\n\tat com.google.cloud.datastore.core.auth.rules.AsyncTwoPhaseRulesAuthorizer.fullEvaluate(AsyncTwoPhaseRulesAuthorizer.java:1000)\n\tat com.google.cloud.datastore.core.auth.rules.AsyncTwoPhaseRulesAuthorizer$CommitAuthorizerImpl.lambda$checkWrite$0(AsyncTwoPhaseRulesAuthorizer.java:1237)\n\tat com.google.cloud.datastore.computation.Computation.lambda$tryClose$1(Computation.java:738)\n\tat com.google.cloud.datastore.computation.Computation.tryCatch(Computation.java:469)\n\tat com.google.cloud.datastore.computation.Computation.tryFinally(Computation.java:705)\n\tat com.google.cloud.datastore.computation.Computation.tryFinally(Computation.java:711)\n\tat com.google.cloud.datastore.computation.Computation.tryClose(Computation.java:738)\n\tat com.google.cloud.datastore.core.auth.rules.AsyncTwoPhaseRulesAuthorizer$CommitAuthorizerImpl.checkWrite(AsyncTwoPhaseRulesAuthorizer.java:1206)\n\tat com.google.cloud.datastore.emulator.impl.rules.DefaultEmulatorRulesAuthorizer.lambda$checkCommit$2(DefaultEmulatorRulesAuthorizer.java:125)\n\tat com.google.cloud.datastore.computation.Computation.run(Computation.java:81)\n\tat com.google.cloud.datastore.computation.Computation$Terminated.toFuture(Computation.java:947)\n\tat com.google.cloud.datastore.computation.Computation.toFuture(Computation.java:92)\n\tat com.google.cloud.datastore.emulator.impl.rules.DefaultEmulatorRulesAuthorizer.finish(DefaultEmulatorRulesAuthorizer.java:308)\n\tat com.google.cloud.datastore.emulator.impl.rules.DefaultEmulatorRulesAuthorizer.lambda$checkCommit$0(DefaultEmulatorRulesAuthorizer.java:123)\n\tat com.google.cloud.datastore.emulator.impl.rules.DefaultEmulatorRulesAuthorizer.withVerboseErrors(DefaultEmulatorRulesAuthorizer.java:321)\n\t... 22 more\n\n"}}
[debug] [2026-08-12T08:44:54.581Z] Aug 12, 2026 8:44:54 AM com.google.cloud.datastore.emulator.impl.util.WrappedStreamObserver onError
WARNING: Operation failed: 
false for 'create' @ L99, evaluation error at L129:26 for 'create' @ L129, false for 'update' @ L99, evaluation error at L133:26 for 'update' @ L133, false for 'create' @ L99, Function not found error: Name: [contains]. for 'create' @ L129
com.google.cloud.datastore.core.exception.DatastoreException: 
false for 'create' @ L99, evaluation error at L129:26 for 'create' @ L129, false for 'update' @ L99, evaluation error at L133:26 for 'update' @ L133, false for 'create' @ L99, Function not found error: Name: [contains]. for 'create' @ L129
	at com.google.cloud.datastore.core.exception.DatastoreException$Builder.build(DatastoreException.java:152)
	at com.google.cloud.datastore.emulator.impl.rules.DefaultEmulatorRulesAuthorizer.verboseError(DefaultEmulatorRulesAuthorizer.java:349)
	at com.google.cloud.datastore.emulator.impl.rules.DefaultEmulatorRulesAuthorizer.withVerboseErrors(DefaultEmulatorRulesAuthorizer.java:326)
	at com.google.cloud.datastore.emulator.impl.rules.DefaultEmulatorRulesAuthorizer.checkCommit(DefaultEmulatorRulesAuthorizer.java:114)
	at com.google.cloud.datastore.emulator.impl.firestore.FirestoreEmulatorHelper.commitHelper(FirestoreEmulatorHelper.java:386)
	at com.google.cloud.datastore.emulator.impl.firestore.FirestoreEmulatorHelper.internalCommit(FirestoreEmulatorHelper.java:336)
	at com.google.cloud.datastore.emulator.impl.firestore.CloudFirestoreV1.internalCommit(CloudFirestoreV1.java:1245)
	at com.google.cloud.datastore.emulator.impl.firestore.CloudFirestoreV1.write(CloudFirestoreV1.java:1232)
	at com.google.cloud.datastore.emulator.impl.firestore.CloudFirestoreV1WriteStream.handleRequest(CloudFirestoreV1WriteStream.java:222)
	at com.google.cloud.datastore.emulator.impl.firestore.CloudFirestoreV1WriteStream.write(CloudFirestoreV1WriteStream.java:144)
	at com.google.cloud.datastore.emulator.impl.firestore.CloudFirestoreV1WriteStream.onNext(CloudFirestoreV1WriteStream.java:99)
	at com.google.cloud.datastore.emulator.impl.firestore.CloudFirestoreV1WriteStream.onNext(CloudFirestoreV1WriteStream.java:27)
	at io.grpc.stub.ServerCalls$StreamingServerCallHandler$StreamingServerCallListener.onMessage(ServerCalls.java:262)
	at io.grpc.ForwardingServerCallListener.onMessage(ForwardingServerCallListener.java:33)
	at io.grpc.Contexts$ContextualizedServerCallListener.onMessage(Contexts.java:76)
	at io.grpc.ForwardingServerCallListener.onMessage(ForwardingServerCallListener.java:33)
	at io.grpc.Contexts$ContextualizedServerCallListener.onMessage(Contexts.java:76)
	at io.grpc.internal.ServerCallImpl$ServerStreamListenerImpl.messagesAvailableInternal(ServerCallImpl.java:334)
	at io.grpc.internal.ServerCallImpl$ServerStreamListenerImpl.messagesAvailable(ServerCallImpl.java:319)
	at io.grpc.internal.ServerImpl$JumpToApplicationThreadServerStreamListener$1MessagesAvailable.runInContext(ServerImpl.java:834)
	at io.grpc.internal.ContextRunnable.run(ContextRunnable.java:37)
	at io.grpc.internal.SerializingExecutor.run(SerializingExecutor.java:133)
	at java.base/java.util.concurrent.ThreadPoolExecutor.runWorker(ThreadPoolExecutor.java:1144)
	at java.base/java.util.concurrent.ThreadPoolExecutor$Worker.run(ThreadPoolExecutor.java:642)
	at java.base/java.lang.Thread.run(Thread.java:1583)
Caused by: com.google.firebase.rules.runtime.common.EvaluationException: Error:  line [85], column [16]. Function not found error: Name: [contains].
	at com.google.firebase.rules.runtime.impl.DefaultEvaluator$TransformEvaluationException.apply(DefaultEvaluator.java:275)
	at com.google.firebase.rules.runtime.impl.DefaultEvaluator$TransformEvaluationException.apply(DefaultEvaluator.java:261)
	at com.google.common.util.concurrent.AbstractCatchingFuture$AsyncCatchingFuture.doFallback(AbstractCatchingFuture.java:207)
	at com.google.common.util.concurrent.AbstractCatchingFuture$AsyncCatchingFuture.doFallback(AbstractCatchingFuture.java:194)
	at com.google.common.util.concurrent.AbstractCatchingFuture.run(AbstractCatchingFuture.java:136)
	at com.google.common.util.concurrent.DirectExecutor.execute(DirectExecutor.java:30)
	at com.google.common.util.concurrent.AbstractFuture.executeListener(AbstractFuture.java:1024)
	at com.google.common.util.concurrent.AbstractFuture.addListener(AbstractFuture.java:486)
	at com.google.common.util.concurrent.FluentFuture$TrustedFuture.addListener(FluentFuture.java:122)
	at com.google.common.util.concurrent.AbstractCatchingFuture.createAsync(AbstractCatchingFuture.java:58)
	at com.google.common.util.concurrent.Futures.catchingAsync(Futures.java:409)
	at com.google.firebase.rules.runtime.impl.DefaultEvaluator.evaluate(DefaultEvaluator.java:177)
	at com.google.cloud.datastore.emulator.impl.rules.EmulatorRuleClient$EmulatorRuleEvaluator.evaluate(EmulatorRuleClient.java:88)
	at com.google.cloud.datastore.core.auth.rules.AsyncTwoPhaseRulesAuthorizer.lambda$fullEvaluate$0(AsyncTwoPhaseRulesAuthorizer.java:1001)
	at com.google.cloud.datastore.computation.Computation.tryCatch(Computation.java:469)
	at com.google.cloud.datastore.core.auth.rules.AsyncTwoPhaseRulesAuthorizer.fullEvaluate(AsyncTwoPhaseRulesAuthorizer.java:1000)
	at com.google.cloud.datastore.core.auth.rules.AsyncTwoPhaseRulesAuthorizer$CommitAuthorizerImpl.lambda$checkWrite$0(AsyncTwoPhaseRulesAuthorizer.java:1237)
	at com.google.cloud.datastore.computation.Computation.lambda$tryClose$1(Computation.java:738)
	at com.google.cloud.datastore.computation.Computation.tryCatch(Computation.java:469)
	at com.google.cloud.datastore.computation.Computation.tryFinally(Computation.java:705)
	at com.google.cloud.datastore.computation.Computation.tryFinally(Computation.java:711)
	at com.google.cloud.datastore.computation.Computation.tryClose(Computation.java:738)
	at com.google.cloud.datastore.core.auth.rules.AsyncTwoPhaseRulesAuthorizer$CommitAuthorizerImpl.checkWrite(AsyncTwoPhaseRulesAuthorizer.java:1206)
	at com.google.cloud.datastore.emulator.impl.rules.DefaultEmulatorRulesAuthorizer.lambda$checkCommit$2(DefaultEmulatorRulesAuthorizer.java:125)
	at com.google.cloud.datastore.computation.Computation.run(Computation.java:81)
	at com.google.cloud.datastore.computation.Computation$Terminated.toFuture(Computation.java:947)
	at com.google.cloud.datastore.computation.Computation.toFuture(Computation.java:92)
	at com.google.cloud.datastore.emulator.impl.rules.DefaultEmulatorRulesAuthorizer.finish(DefaultEmulatorRulesAuthorizer.java:308)
	at com.google.cloud.datastore.emulator.impl.rules.DefaultEmulatorRulesAuthorizer.lambda$checkCommit$0(DefaultEmulatorRulesAuthorizer.java:123)
	at com.google.cloud.datastore.emulator.impl.rules.DefaultEmulatorRulesAuthorizer.withVerboseErrors(DefaultEmulatorRulesAuthorizer.java:321)
	... 22 more

 {"metadata":{"emulator":{"name":"firestore"},"message":"Aug 12, 2026 8:44:54 AM com.google.cloud.datastore.emulator.impl.util.WrappedStreamObserver onError\nWARNING: Operation failed: \nfalse for 'create' @ L99, evaluation error at L129:26 for 'create' @ L129, false for 'update' @ L99, evaluation error at L133:26 for 'update' @ L133, false for 'create' @ L99, Function not found error: Name: [contains]. for 'create' @ L129\ncom.google.cloud.datastore.core.exception.DatastoreException: \nfalse for 'create' @ L99, evaluation error at L129:26 for 'create' @ L129, false for 'update' @ L99, evaluation error at L133:26 for 'update' @ L133, false for 'create' @ L99, Function not found error: Name: [contains]. for 'create' @ L129\n\tat com.google.cloud.datastore.core.exception.DatastoreException$Builder.build(DatastoreException.java:152)\n\tat com.google.cloud.datastore.emulator.impl.rules.DefaultEmulatorRulesAuthorizer.verboseError(DefaultEmulatorRulesAuthorizer.java:349)\n\tat com.google.cloud.datastore.emulator.impl.rules.DefaultEmulatorRulesAuthorizer.withVerboseErrors(DefaultEmulatorRulesAuthorizer.java:326)\n\tat com.google.cloud.datastore.emulator.impl.rules.DefaultEmulatorRulesAuthorizer.checkCommit(DefaultEmulatorRulesAuthorizer.java:114)\n\tat com.google.cloud.datastore.emulator.impl.firestore.FirestoreEmulatorHelper.commitHelper(FirestoreEmulatorHelper.java:386)\n\tat com.google.cloud.datastore.emulator.impl.firestore.FirestoreEmulatorHelper.internalCommit(FirestoreEmulatorHelper.java:336)\n\tat com.google.cloud.datastore.emulator.impl.firestore.CloudFirestoreV1.internalCommit(CloudFirestoreV1.java:1245)\n\tat com.google.cloud.datastore.emulator.impl.firestore.CloudFirestoreV1.write(CloudFirestoreV1.java:1232)\n\tat com.google.cloud.datastore.emulator.impl.firestore.CloudFirestoreV1WriteStream.handleRequest(CloudFirestoreV1WriteStream.java:222)\n\tat com.google.cloud.datastore.emulator.impl.firestore.CloudFirestoreV1WriteStream.write(CloudFirestoreV1WriteStream.java:144)\n\tat com.google.cloud.datastore.emulator.impl.firestore.CloudFirestoreV1WriteStream.onNext(CloudFirestoreV1WriteStream.java:99)\n\tat com.google.cloud.datastore.emulator.impl.firestore.CloudFirestoreV1WriteStream.onNext(CloudFirestoreV1WriteStream.java:27)\n\tat io.grpc.stub.ServerCalls$StreamingServerCallHandler$StreamingServerCallListener.onMessage(ServerCalls.java:262)\n\tat io.grpc.ForwardingServerCallListener.onMessage(ForwardingServerCallListener.java:33)\n\tat io.grpc.Contexts$ContextualizedServerCallListener.onMessage(Contexts.java:76)\n\tat io.grpc.ForwardingServerCallListener.onMessage(ForwardingServerCallListener.java:33)\n\tat io.grpc.Contexts$ContextualizedServerCallListener.onMessage(Contexts.java:76)\n\tat io.grpc.internal.ServerCallImpl$ServerStreamListenerImpl.messagesAvailableInternal(ServerCallImpl.java:334)\n\tat io.grpc.internal.ServerCallImpl$ServerStreamListenerImpl.messagesAvailable(ServerCallImpl.java:319)\n\tat io.grpc.internal.ServerImpl$JumpToApplicationThreadServerStreamListener$1MessagesAvailable.runInContext(ServerImpl.java:834)\n\tat io.grpc.internal.ContextRunnable.run(ContextRunnable.java:37)\n\tat io.grpc.internal.SerializingExecutor.run(SerializingExecutor.java:133)\n\tat java.base/java.util.concurrent.ThreadPoolExecutor.runWorker(ThreadPoolExecutor.java:1144)\n\tat java.base/java.util.concurrent.ThreadPoolExecutor$Worker.run(ThreadPoolExecutor.java:642)\n\tat java.base/java.lang.Thread.run(Thread.java:1583)\nCaused by: com.google.firebase.rules.runtime.common.EvaluationException: Error:  line [85], column [16]. Function not found error: Name: [contains].\n\tat com.google.firebase.rules.runtime.impl.DefaultEvaluator$TransformEvaluationException.apply(DefaultEvaluator.java:275)\n\tat com.google.firebase.rules.runtime.impl.DefaultEvaluator$TransformEvaluationException.apply(DefaultEvaluator.java:261)\n\tat com.google.common.util.concurrent.AbstractCatchingFuture$AsyncCatchingFuture.doFallback(AbstractCatchingFuture.java:207)\n\tat com.google.common.util.concurrent.AbstractCatchingFuture$AsyncCatchingFuture.doFallback(AbstractCatchingFuture.java:194)\n\tat com.google.common.util.concurrent.AbstractCatchingFuture.run(AbstractCatchingFuture.java:136)\n\tat com.google.common.util.concurrent.DirectExecutor.execute(DirectExecutor.java:30)\n\tat com.google.common.util.concurrent.AbstractFuture.executeListener(AbstractFuture.java:1024)\n\tat com.google.common.util.concurrent.AbstractFuture.addListener(AbstractFuture.java:486)\n\tat com.google.common.util.concurrent.FluentFuture$TrustedFuture.addListener(FluentFuture.java:122)\n\tat com.google.common.util.concurrent.AbstractCatchingFuture.createAsync(AbstractCatchingFuture.java:58)\n\tat com.google.common.util.concurrent.Futures.catchingAsync(Futures.java:409)\n\tat com.google.firebase.rules.runtime.impl.DefaultEvaluator.evaluate(DefaultEvaluator.java:177)\n\tat com.google.cloud.datastore.emulator.impl.rules.EmulatorRuleClient$EmulatorRuleEvaluator.evaluate(EmulatorRuleClient.java:88)\n\tat com.google.cloud.datastore.core.auth.rules.AsyncTwoPhaseRulesAuthorizer.lambda$fullEvaluate$0(AsyncTwoPhaseRulesAuthorizer.java:1001)\n\tat com.google.cloud.datastore.computation.Computation.tryCatch(Computation.java:469)\n\tat com.google.cloud.datastore.core.auth.rules.AsyncTwoPhaseRulesAuthorizer.fullEvaluate(AsyncTwoPhaseRulesAuthorizer.java:1000)\n\tat com.google.cloud.datastore.core.auth.rules.AsyncTwoPhaseRulesAuthorizer$CommitAuthorizerImpl.lambda$checkWrite$0(AsyncTwoPhaseRulesAuthorizer.java:1237)\n\tat com.google.cloud.datastore.computation.Computation.lambda$tryClose$1(Computation.java:738)\n\tat com.google.cloud.datastore.computation.Computation.tryCatch(Computation.java:469)\n\tat com.google.cloud.datastore.computation.Computation.tryFinally(Computation.java:705)\n\tat com.google.cloud.datastore.computation.Computation.tryFinally(Computation.java:711)\n\tat com.google.cloud.datastore.computation.Computation.tryClose(Computation.java:738)\n\tat com.google.cloud.datastore.core.auth.rules.AsyncTwoPhaseRulesAuthorizer$CommitAuthorizerImpl.checkWrite(AsyncTwoPhaseRulesAuthorizer.java:1206)\n\tat com.google.cloud.datastore.emulator.impl.rules.DefaultEmulatorRulesAuthorizer.lambda$checkCommit$2(DefaultEmulatorRulesAuthorizer.java:125)\n\tat com.google.cloud.datastore.computation.Computation.run(Computation.java:81)\n\tat com.google.cloud.datastore.computation.Computation$Terminated.toFuture(Computation.java:947)\n\tat com.google.cloud.datastore.computation.Computation.toFuture(Computation.java:92)\n\tat com.google.cloud.datastore.emulator.impl.rules.DefaultEmulatorRulesAuthorizer.finish(DefaultEmulatorRulesAuthorizer.java:308)\n\tat com.google.cloud.datastore.emulator.impl.rules.DefaultEmulatorRulesAuthorizer.lambda$checkCommit$0(DefaultEmulatorRulesAuthorizer.java:123)\n\tat com.google.cloud.datastore.emulator.impl.rules.DefaultEmulatorRulesAuthorizer.withVerboseErrors(DefaultEmulatorRulesAuthorizer.java:321)\n\t... 22 more\n\n"}}
[debug] [2026-08-12T08:44:54.710Z] Aug 12, 2026 8:44:54 AM com.google.cloud.datastore.emulator.impl.util.WrappedStreamObserver onError
WARNING: Operation failed: 
false for 'update' @ L99, evaluation error at L133:26 for 'update' @ L133, false for 'update' @ L99, Function not found error: Name: [contains]. for 'update' @ L133
com.google.cloud.datastore.core.exception.DatastoreException: 
false for 'update' @ L99, evaluation error at L133:26 for 'update' @ L133, false for 'update' @ L99, Function not found error: Name: [contains]. for 'update' @ L133
	at com.google.cloud.datastore.core.exception.DatastoreException$Builder.build(DatastoreException.java:152)
	at com.google.cloud.datastore.emulator.impl.rules.DefaultEmulatorRulesAuthorizer.verboseError(DefaultEmulatorRulesAuthorizer.java:349)
	at com.google.cloud.datastore.emulator.impl.rules.DefaultEmulatorRulesAuthorizer.withVerboseErrors(DefaultEmulatorRulesAuthorizer.java:326)
	at com.google.cloud.datastore.emulator.impl.rules.DefaultEmulatorRulesAuthorizer.checkCommit(DefaultEmulatorRulesAuthorizer.java:114)
	at com.google.cloud.datastore.emulator.impl.firestore.FirestoreEmulatorHelper.commitHelper(FirestoreEmulatorHelper.java:386)
	at com.google.cloud.datastore.emulator.impl.firestore.FirestoreEmulatorHelper.internalCommit(FirestoreEmulatorHelper.java:336)
	at com.google.cloud.datastore.emulator.impl.firestore.CloudFirestoreV1.internalCommit(CloudFirestoreV1.java:1245)
	at com.google.cloud.datastore.emulator.impl.firestore.CloudFirestoreV1.write(CloudFirestoreV1.java:1232)
	at com.google.cloud.datastore.emulator.impl.firestore.CloudFirestoreV1WriteStream.handleRequest(CloudFirestoreV1WriteStream.java:222)
	at com.google.cloud.datastore.emulator.impl.firestore.CloudFirestoreV1WriteStream.write(CloudFirestoreV1WriteStream.java:144)
	at com.google.cloud.datastore.emulator.impl.firestore.CloudFirestoreV1WriteStream.onNext(CloudFirestoreV1WriteStream.java:99)
	at com.google.cloud.datastore.emulator.impl.firestore.CloudFirestoreV1WriteStream.onNext(CloudFirestoreV1WriteStream.java:27)
	at io.grpc.stub.ServerCalls$StreamingServerCallHandler$StreamingServerCallListener.onMessage(ServerCalls.java:262)
	at io.grpc.ForwardingServerCallListener.onMessage(ForwardingServerCallListener.java:33)
	at io.grpc.Contexts$ContextualizedServerCallListener.onMessage(Contexts.java:76)
	at io.grpc.ForwardingServerCallListener.onMessage(ForwardingServerCallListener.java:33)
	at io.grpc.Contexts$ContextualizedServerCallListener.onMessage(Contexts.java:76)
	at io.grpc.internal.ServerCallImpl$ServerStreamListenerImpl.messagesAvailableInternal(ServerCallImpl.java:334)
	at io.grpc.internal.ServerCallImpl$ServerStreamListenerImpl.messagesAvailable(ServerCallImpl.java:319)
	at io.grpc.internal.ServerImpl$JumpToApplicationThreadServerStreamListener$1MessagesAvailable.runInContext(ServerImpl.java:834)
	at io.grpc.internal.ContextRunnable.run(ContextRunnable.java:37)
	at io.grpc.internal.SerializingExecutor.run(SerializingExecutor.java:133)
	at java.base/java.util.concurrent.ThreadPoolExecutor.runWorker(ThreadPoolExecutor.java:1144)
	at java.base/java.util.concurrent.ThreadPoolExecutor$Worker.run(ThreadPoolExecutor.java:642)
	at java.base/java.lang.Thread.run(Thread.java:1583)
Caused by: com.google.firebase.rules.runtime.common.EvaluationException: Error:  line [85], column [16]. Function not found error: Name: [contains].
	at com.google.firebase.rules.runtime.impl.DefaultEvaluator$TransformEvaluationException.apply(DefaultEvaluator.java:275)
	at com.google.firebase.rules.runtime.impl.DefaultEvaluator$TransformEvaluationException.apply(DefaultEvaluator.java:261)
	at com.google.common.util.concurrent.AbstractCatchingFuture$AsyncCatchingFuture.doFallback(AbstractCatchingFuture.java:207)
	at com.google.common.util.concurrent.AbstractCatchingFuture$AsyncCatchingFuture.doFallback(AbstractCatchingFuture.java:194)
	at com.google.common.util.concurrent.AbstractCatchingFuture.run(AbstractCatchingFuture.java:136)
	at com.google.common.util.concurrent.DirectExecutor.execute(DirectExecutor.java:30)
	at com.google.common.util.concurrent.AbstractFuture.executeListener(AbstractFuture.java:1024)
	at com.google.common.util.concurrent.AbstractFuture.addListener(AbstractFuture.java:486)
	at com.google.common.util.concurrent.FluentFuture$TrustedFuture.addListener(FluentFuture.java:122)
	at com.google.common.util.concurrent.AbstractCatchingFuture.createAsync(AbstractCatchingFuture.java:58)
	at com.google.common.util.concurrent.Futures.catchingAsync(Futures.java:409)
	at com.google.firebase.rules.runtime.impl.DefaultEvaluator.evaluate(DefaultEvaluator.java:177)
	at com.google.cloud.datastore.emulator.impl.rules.EmulatorRuleClient$EmulatorRuleEvaluator.evaluate(EmulatorRuleClient.java:88)
	at com.google.cloud.datastore.core.auth.rules.AsyncTwoPhaseRulesAuthorizer.lambda$fullEvaluate$0(AsyncTwoPhaseRulesAuthorizer.java:1001)
	at com.google.cloud.datastore.computation.Computation.tryCatch(Computation.java:469)
	at com.google.cloud.datastore.core.auth.rules.AsyncTwoPhaseRulesAuthorizer.fullEvaluate(AsyncTwoPhaseRulesAuthorizer.java:1000)
	at com.google.cloud.datastore.core.auth.rules.AsyncTwoPhaseRulesAuthorizer$CommitAuthorizerImpl.lambda$checkWrite$0(AsyncTwoPhaseRulesAuthorizer.java:1237)
	at com.google.cloud.datastore.computation.Computation.lambda$tryClose$1(Computation.java:738)
	at com.google.cloud.datastore.computation.Computation.tryCatch(Computation.java:469)
	at com.google.cloud.datastore.computation.Computation.tryFinally(Computation.java:705)
	at com.google.cloud.datastore.computation.Computation.tryFinally(Computation.java:711)
	at com.google.cloud.datastore.computation.Computation.tryClose(Computation.java:738)
	at com.google.cloud.datastore.core.auth.rules.AsyncTwoPhaseRulesAuthorizer$CommitAuthorizerImpl.checkWrite(AsyncTwoPhaseRulesAuthorizer.java:1206)
	at com.google.cloud.datastore.emulator.impl.rules.DefaultEmulatorRulesAuthorizer.lambda$checkCommit$2(DefaultEmulatorRulesAuthorizer.java:125)
	at com.google.cloud.datastore.computation.Computation.run(Computation.java:81)
	at com.google.cloud.datastore.computation.Computation$Terminated.toFuture(Computation.java:947)
	at com.google.cloud.datastore.computation.Computation.toFuture(Computation.java:92)
	at com.google.cloud.datastore.emulator.impl.rules.DefaultEmulatorRulesAuthorizer.finish(DefaultEmulatorRulesAuthorizer.java:308)
	at com.google.cloud.datastore.emulator.impl.rules.DefaultEmulatorRulesAuthorizer.lambda$checkCommit$0(DefaultEmulatorRulesAuthorizer.java:123)
	at com.google.cloud.datastore.emulator.impl.rules.DefaultEmulatorRulesAuthorizer.withVerboseErrors(DefaultEmulatorRulesAuthorizer.java:321)
	... 22 more

 {"metadata":{"emulator":{"name":"firestore"},"message":"Aug 12, 2026 8:44:54 AM com.google.cloud.datastore.emulator.impl.util.WrappedStreamObserver onError\nWARNING: Operation failed: \nfalse for 'update' @ L99, evaluation error at L133:26 for 'update' @ L133, false for 'update' @ L99, Function not found error: Name: [contains]. for 'update' @ L133\ncom.google.cloud.datastore.core.exception.DatastoreException: \nfalse for 'update' @ L99, evaluation error at L133:26 for 'update' @ L133, false for 'update' @ L99, Function not found error: Name: [contains]. for 'update' @ L133\n\tat com.google.cloud.datastore.core.exception.DatastoreException$Builder.build(DatastoreException.java:152)\n\tat com.google.cloud.datastore.emulator.impl.rules.DefaultEmulatorRulesAuthorizer.verboseError(DefaultEmulatorRulesAuthorizer.java:349)\n\tat com.google.cloud.datastore.emulator.impl.rules.DefaultEmulatorRulesAuthorizer.withVerboseErrors(DefaultEmulatorRulesAuthorizer.java:326)\n\tat com.google.cloud.datastore.emulator.impl.rules.DefaultEmulatorRulesAuthorizer.checkCommit(DefaultEmulatorRulesAuthorizer.java:114)\n\tat com.google.cloud.datastore.emulator.impl.firestore.FirestoreEmulatorHelper.commitHelper(FirestoreEmulatorHelper.java:386)\n\tat com.google.cloud.datastore.emulator.impl.firestore.FirestoreEmulatorHelper.internalCommit(FirestoreEmulatorHelper.java:336)\n\tat com.google.cloud.datastore.emulator.impl.firestore.CloudFirestoreV1.internalCommit(CloudFirestoreV1.java:1245)\n\tat com.google.cloud.datastore.emulator.impl.firestore.CloudFirestoreV1.write(CloudFirestoreV1.java:1232)\n\tat com.google.cloud.datastore.emulator.impl.firestore.CloudFirestoreV1WriteStream.handleRequest(CloudFirestoreV1WriteStream.java:222)\n\tat com.google.cloud.datastore.emulator.impl.firestore.CloudFirestoreV1WriteStream.write(CloudFirestoreV1WriteStream.java:144)\n\tat com.google.cloud.datastore.emulator.impl.firestore.CloudFirestoreV1WriteStream.onNext(CloudFirestoreV1WriteStream.java:99)\n\tat com.google.cloud.datastore.emulator.impl.firestore.CloudFirestoreV1WriteStream.onNext(CloudFirestoreV1WriteStream.java:27)\n\tat io.grpc.stub.ServerCalls$StreamingServerCallHandler$StreamingServerCallListener.onMessage(ServerCalls.java:262)\n\tat io.grpc.ForwardingServerCallListener.onMessage(ForwardingServerCallListener.java:33)\n\tat io.grpc.Contexts$ContextualizedServerCallListener.onMessage(Contexts.java:76)\n\tat io.grpc.ForwardingServerCallListener.onMessage(ForwardingServerCallListener.java:33)\n\tat io.grpc.Contexts$ContextualizedServerCallListener.onMessage(Contexts.java:76)\n\tat io.grpc.internal.ServerCallImpl$ServerStreamListenerImpl.messagesAvailableInternal(ServerCallImpl.java:334)\n\tat io.grpc.internal.ServerCallImpl$ServerStreamListenerImpl.messagesAvailable(ServerCallImpl.java:319)\n\tat io.grpc.internal.ServerImpl$JumpToApplicationThreadServerStreamListener$1MessagesAvailable.runInContext(ServerImpl.java:834)\n\tat io.grpc.internal.ContextRunnable.run(ContextRunnable.java:37)\n\tat io.grpc.internal.SerializingExecutor.run(SerializingExecutor.java:133)\n\tat java.base/java.util.concurrent.ThreadPoolExecutor.runWorker(ThreadPoolExecutor.java:1144)\n\tat java.base/java.util.concurrent.ThreadPoolExecutor$Worker.run(ThreadPoolExecutor.java:642)\n\tat java.base/java.lang.Thread.run(Thread.java:1583)\nCaused by: com.google.firebase.rules.runtime.common.EvaluationException: Error:  line [85], column [16]. Function not found error: Name: [contains].\n\tat com.google.firebase.rules.runtime.impl.DefaultEvaluator$TransformEvaluationException.apply(DefaultEvaluator.java:275)\n\tat com.google.firebase.rules.runtime.impl.DefaultEvaluator$TransformEvaluationException.apply(DefaultEvaluator.java:261)\n\tat com.google.common.util.concurrent.AbstractCatchingFuture$AsyncCatchingFuture.doFallback(AbstractCatchingFuture.java:207)\n\tat com.google.common.util.concurrent.AbstractCatchingFuture$AsyncCatchingFuture.doFallback(AbstractCatchingFuture.java:194)\n\tat com.google.common.util.concurrent.AbstractCatchingFuture.run(AbstractCatchingFuture.java:136)\n\tat com.google.common.util.concurrent.DirectExecutor.execute(DirectExecutor.java:30)\n\tat com.google.common.util.concurrent.AbstractFuture.executeListener(AbstractFuture.java:1024)\n\tat com.google.common.util.concurrent.AbstractFuture.addListener(AbstractFuture.java:486)\n\tat com.google.common.util.concurrent.FluentFuture$TrustedFuture.addListener(FluentFuture.java:122)\n\tat com.google.common.util.concurrent.AbstractCatchingFuture.createAsync(AbstractCatchingFuture.java:58)\n\tat com.google.common.util.concurrent.Futures.catchingAsync(Futures.java:409)\n\tat com.google.firebase.rules.runtime.impl.DefaultEvaluator.evaluate(DefaultEvaluator.java:177)\n\tat com.google.cloud.datastore.emulator.impl.rules.EmulatorRuleClient$EmulatorRuleEvaluator.evaluate(EmulatorRuleClient.java:88)\n\tat com.google.cloud.datastore.core.auth.rules.AsyncTwoPhaseRulesAuthorizer.lambda$fullEvaluate$0(AsyncTwoPhaseRulesAuthorizer.java:1001)\n\tat com.google.cloud.datastore.computation.Computation.tryCatch(Computation.java:469)\n\tat com.google.cloud.datastore.core.auth.rules.AsyncTwoPhaseRulesAuthorizer.fullEvaluate(AsyncTwoPhaseRulesAuthorizer.java:1000)\n\tat com.google.cloud.datastore.core.auth.rules.AsyncTwoPhaseRulesAuthorizer$CommitAuthorizerImpl.lambda$checkWrite$0(AsyncTwoPhaseRulesAuthorizer.java:1237)\n\tat com.google.cloud.datastore.computation.Computation.lambda$tryClose$1(Computation.java:738)\n\tat com.google.cloud.datastore.computation.Computation.tryCatch(Computation.java:469)\n\tat com.google.cloud.datastore.computation.Computation.tryFinally(Computation.java:705)\n\tat com.google.cloud.datastore.computation.Computation.tryFinally(Computation.java:711)\n\tat com.google.cloud.datastore.computation.Computation.tryClose(Computation.java:738)\n\tat com.google.cloud.datastore.core.auth.rules.AsyncTwoPhaseRulesAuthorizer$CommitAuthorizerImpl.checkWrite(AsyncTwoPhaseRulesAuthorizer.java:1206)\n\tat com.google.cloud.datastore.emulator.impl.rules.DefaultEmulatorRulesAuthorizer.lambda$checkCommit$2(DefaultEmulatorRulesAuthorizer.java:125)\n\tat com.google.cloud.datastore.computation.Computation.run(Computation.java:81)\n\tat com.google.cloud.datastore.computation.Computation$Terminated.toFuture(Computation.java:947)\n\tat com.google.cloud.datastore.computation.Computation.toFuture(Computation.java:92)\n\tat com.google.cloud.datastore.emulator.impl.rules.DefaultEmulatorRulesAuthorizer.finish(DefaultEmulatorRulesAuthorizer.java:308)\n\tat com.google.cloud.datastore.emulator.impl.rules.DefaultEmulatorRulesAuthorizer.lambda$checkCommit$0(DefaultEmulatorRulesAuthorizer.java:123)\n\tat com.google.cloud.datastore.emulator.impl.rules.DefaultEmulatorRulesAuthorizer.withVerboseErrors(DefaultEmulatorRulesAuthorizer.java:321)\n\t... 22 more\n\n"}}
[debug] [2026-08-12T08:44:54.850Z] Aug 12, 2026 8:44:54 AM com.google.cloud.datastore.emulator.impl.util.WrappedStreamObserver onError
WARNING: Operation failed: 
false for 'update' @ L99, evaluation error at L133:26 for 'update' @ L133, false for 'update' @ L99, false for 'update' @ L133
com.google.cloud.datastore.core.exception.DatastoreException: 
false for 'update' @ L99, evaluation error at L133:26 for 'update' @ L133, false for 'update' @ L99, false for 'update' @ L133
	at com.google.cloud.datastore.core.exception.DatastoreException$Builder.build(DatastoreException.java:152)
	at com.google.cloud.datastore.emulator.impl.rules.DefaultEmulatorRulesAuthorizer.verboseError(DefaultEmulatorRulesAuthorizer.java:349)
	at com.google.cloud.datastore.emulator.impl.rules.DefaultEmulatorRulesAuthorizer.withVerboseErrors(DefaultEmulatorRulesAuthorizer.java:326)
	at com.google.cloud.datastore.emulator.impl.rules.DefaultEmulatorRulesAuthorizer.checkCommit(DefaultEmulatorRulesAuthorizer.java:114)
	at com.google.cloud.datastore.emulator.impl.firestore.FirestoreEmulatorHelper.commitHelper(FirestoreEmulatorHelper.java:386)
	at com.google.cloud.datastore.emulator.impl.firestore.FirestoreEmulatorHelper.internalCommit(FirestoreEmulatorHelper.java:336)
	at com.google.cloud.datastore.emulator.impl.firestore.CloudFirestoreV1.internalCommit(CloudFirestoreV1.java:1245)
	at com.google.cloud.datastore.emulator.impl.firestore.CloudFirestoreV1.write(CloudFirestoreV1.java:1232)
	at com.google.cloud.datastore.emulator.impl.firestore.CloudFirestoreV1WriteStream.handleRequest(CloudFirestoreV1WriteStream.java:222)
	at com.google.cloud.datastore.emulator.impl.firestore.CloudFirestoreV1WriteStream.write(CloudFirestoreV1WriteStream.java:144)
	at com.google.cloud.datastore.emulator.impl.firestore.CloudFirestoreV1WriteStream.onNext(CloudFirestoreV1WriteStream.java:99)
	at com.google.cloud.datastore.emulator.impl.firestore.CloudFirestoreV1WriteStream.onNext(CloudFirestoreV1WriteStream.java:27)
	at io.grpc.stub.ServerCalls$StreamingServerCallHandler$StreamingServerCallListener.onMessage(ServerCalls.java:262)
	at io.grpc.ForwardingServerCallListener.onMessage(ForwardingServerCallListener.java:33)
	at io.grpc.Contexts$ContextualizedServerCallListener.onMessage(Contexts.java:76)
	at io.grpc.ForwardingServerCallListener.onMessage(ForwardingServerCallListener.java:33)
	at io.grpc.Contexts$ContextualizedServerCallListener.onMessage(Contexts.java:76)
	at io.grpc.internal.ServerCallImpl$ServerStreamListenerImpl.messagesAvailableInternal(ServerCallImpl.java:334)
	at io.grpc.internal.ServerCallImpl$ServerStreamListenerImpl.messagesAvailable(ServerCallImpl.java:319)
	at io.grpc.internal.ServerImpl$JumpToApplicationThreadServerStreamListener$1MessagesAvailable.runInContext(ServerImpl.java:834)
	at io.grpc.internal.ContextRunnable.run(ContextRunnable.java:37)
	at io.grpc.internal.SerializingExecutor.run(SerializingExecutor.java:133)
	at java.base/java.util.concurrent.ThreadPoolExecutor.runWorker(ThreadPoolExecutor.java:1144)
	at java.base/java.util.concurrent.ThreadPoolExecutor$Worker.run(ThreadPoolExecutor.java:642)
	at java.base/java.lang.Thread.run(Thread.java:1583)

 {"metadata":{"emulator":{"name":"firestore"},"message":"Aug 12, 2026 8:44:54 AM com.google.cloud.datastore.emulator.impl.util.WrappedStreamObserver onError\nWARNING: Operation failed: \nfalse for 'update' @ L99, evaluation error at L133:26 for 'update' @ L133, false for 'update' @ L99, false for 'update' @ L133\ncom.google.cloud.datastore.core.exception.DatastoreException: \nfalse for 'update' @ L99, evaluation error at L133:26 for 'update' @ L133, false for 'update' @ L99, false for 'update' @ L133\n\tat com.google.cloud.datastore.core.exception.DatastoreException$Builder.build(DatastoreException.java:152)\n\tat com.google.cloud.datastore.emulator.impl.rules.DefaultEmulatorRulesAuthorizer.verboseError(DefaultEmulatorRulesAuthorizer.java:349)\n\tat com.google.cloud.datastore.emulator.impl.rules.DefaultEmulatorRulesAuthorizer.withVerboseErrors(DefaultEmulatorRulesAuthorizer.java:326)\n\tat com.google.cloud.datastore.emulator.impl.rules.DefaultEmulatorRulesAuthorizer.checkCommit(DefaultEmulatorRulesAuthorizer.java:114)\n\tat com.google.cloud.datastore.emulator.impl.firestore.FirestoreEmulatorHelper.commitHelper(FirestoreEmulatorHelper.java:386)\n\tat com.google.cloud.datastore.emulator.impl.firestore.FirestoreEmulatorHelper.internalCommit(FirestoreEmulatorHelper.java:336)\n\tat com.google.cloud.datastore.emulator.impl.firestore.CloudFirestoreV1.internalCommit(CloudFirestoreV1.java:1245)\n\tat com.google.cloud.datastore.emulator.impl.firestore.CloudFirestoreV1.write(CloudFirestoreV1.java:1232)\n\tat com.google.cloud.datastore.emulator.impl.firestore.CloudFirestoreV1WriteStream.handleRequest(CloudFirestoreV1WriteStream.java:222)\n\tat com.google.cloud.datastore.emulator.impl.firestore.CloudFirestoreV1WriteStream.write(CloudFirestoreV1WriteStream.java:144)\n\tat com.google.cloud.datastore.emulator.impl.firestore.CloudFirestoreV1WriteStream.onNext(CloudFirestoreV1WriteStream.java:99)\n\tat com.google.cloud.datastore.emulator.impl.firestore.CloudFirestoreV1WriteStream.onNext(CloudFirestoreV1WriteStream.java:27)\n\tat io.grpc.stub.ServerCalls$StreamingServerCallHandler$StreamingServerCallListener.onMessage(ServerCalls.java:262)\n\tat io.grpc.ForwardingServerCallListener.onMessage(ForwardingServerCallListener.java:33)\n\tat io.grpc.Contexts$ContextualizedServerCallListener.onMessage(Contexts.java:76)\n\tat io.grpc.ForwardingServerCallListener.onMessage(ForwardingServerCallListener.java:33)\n\tat io.grpc.Contexts$ContextualizedServerCallListener.onMessage(Contexts.java:76)\n\tat io.grpc.internal.ServerCallImpl$ServerStreamListenerImpl.messagesAvailableInternal(ServerCallImpl.java:334)\n\tat io.grpc.internal.ServerCallImpl$ServerStreamListenerImpl.messagesAvailable(ServerCallImpl.java:319)\n\tat io.grpc.internal.ServerImpl$JumpToApplicationThreadServerStreamListener$1MessagesAvailable.runInContext(ServerImpl.java:834)\n\tat io.grpc.internal.ContextRunnable.run(ContextRunnable.java:37)\n\tat io.grpc.internal.SerializingExecutor.run(SerializingExecutor.java:133)\n\tat java.base/java.util.concurrent.ThreadPoolExecutor.runWorker(ThreadPoolExecutor.java:1144)\n\tat java.base/java.util.concurrent.ThreadPoolExecutor$Worker.run(ThreadPoolExecutor.java:642)\n\tat java.base/java.lang.Thread.run(Thread.java:1583)\n\n"}}
[debug] [2026-08-12T08:44:54.945Z] Aug 12, 2026 8:44:54 AM com.google.cloud.datastore.emulator.impl.util.WrappedStreamObserver onError
WARNING: Operation failed: 
false for 'update' @ L99, evaluation error at L133:26 for 'update' @ L133, false for 'update' @ L99, false for 'update' @ L133
com.google.cloud.datastore.core.exception.DatastoreException: 
false for 'update' @ L99, evaluation error at L133:26 for 'update' @ L133, false for 'update' @ L99, false for 'update' @ L133
	at com.google.cloud.datastore.core.exception.DatastoreException$Builder.build(DatastoreException.java:152)
	at com.google.cloud.datastore.emulator.impl.rules.DefaultEmulatorRulesAuthorizer.verboseError(DefaultEmulatorRulesAuthorizer.java:349)
	at com.google.cloud.datastore.emulator.impl.rules.DefaultEmulatorRulesAuthorizer.withVerboseErrors(DefaultEmulatorRulesAuthorizer.java:326)
	at com.google.cloud.datastore.emulator.impl.rules.DefaultEmulatorRulesAuthorizer.checkCommit(DefaultEmulatorRulesAuthorizer.java:114)
	at com.google.cloud.datastore.emulator.impl.firestore.FirestoreEmulatorHelper.commitHelper(FirestoreEmulatorHelper.java:386)
	at com.google.cloud.datastore.emulator.impl.firestore.FirestoreEmulatorHelper.internalCommit(FirestoreEmulatorHelper.java:336)
	at com.google.cloud.datastore.emulator.impl.firestore.CloudFirestoreV1.internalCommit(CloudFirestoreV1.java:1245)
	at com.google.cloud.datastore.emulator.impl.firestore.CloudFirestoreV1.write(CloudFirestoreV1.java:1232)
	at com.google.cloud.datastore.emulator.impl.firestore.CloudFirestoreV1WriteStream.handleRequest(CloudFirestoreV1WriteStream.java:222)
	at com.google.cloud.datastore.emulator.impl.firestore.CloudFirestoreV1WriteStream.write(CloudFirestoreV1WriteStream.java:144)
	at com.google.cloud.datastore.emulator.impl.firestore.CloudFirestoreV1WriteStream.onNext(CloudFirestoreV1WriteStream.java:99)
	at com.google.cloud.datastore.emulator.impl.firestore.CloudFirestoreV1WriteStream.onNext(CloudFirestoreV1WriteStream.java:27)
	at io.grpc.stub.ServerCalls$StreamingServerCallHandler$StreamingServerCallListener.onMessage(ServerCalls.java:262)
	at io.grpc.ForwardingServerCallListener.onMessage(ForwardingServerCallListener.java:33)
	at io.grpc.Contexts$ContextualizedServerCallListener.onMessage(Contexts.java:76)
	at io.grpc.ForwardingServerCallListener.onMessage(ForwardingServerCallListener.java:33)
	at io.grpc.Contexts$ContextualizedServerCallListener.onMessage(Contexts.java:76)
	at io.grpc.internal.ServerCallImpl$ServerStreamListenerImpl.messagesAvailableInternal(ServerCallImpl.java:334)
	at io.grpc.internal.ServerCallImpl$ServerStreamListenerImpl.messagesAvailable(ServerCallImpl.java:319)
	at io.grpc.internal.ServerImpl$JumpToApplicationThreadServerStreamListener$1MessagesAvailable.runInContext(ServerImpl.java:834)
	at io.grpc.internal.ContextRunnable.run(ContextRunnable.java:37)
	at io.grpc.internal.SerializingExecutor.run(SerializingExecutor.java:133)
	at java.base/java.util.concurrent.ThreadPoolExecutor.runWorker(ThreadPoolExecutor.java:1144)
	at java.base/java.util.concurrent.ThreadPoolExecutor$Worker.run(ThreadPoolExecutor.java:642)
	at java.base/java.lang.Thread.run(Thread.java:1583)

 {"metadata":{"emulator":{"name":"firestore"},"message":"Aug 12, 2026 8:44:54 AM com.google.cloud.datastore.emulator.impl.util.WrappedStreamObserver onError\nWARNING: Operation failed: \nfalse for 'update' @ L99, evaluation error at L133:26 for 'update' @ L133, false for 'update' @ L99, false for 'update' @ L133\ncom.google.cloud.datastore.core.exception.DatastoreException: \nfalse for 'update' @ L99, evaluation error at L133:26 for 'update' @ L133, false for 'update' @ L99, false for 'update' @ L133\n\tat com.google.cloud.datastore.core.exception.DatastoreException$Builder.build(DatastoreException.java:152)\n\tat com.google.cloud.datastore.emulator.impl.rules.DefaultEmulatorRulesAuthorizer.verboseError(DefaultEmulatorRulesAuthorizer.java:349)\n\tat com.google.cloud.datastore.emulator.impl.rules.DefaultEmulatorRulesAuthorizer.withVerboseErrors(DefaultEmulatorRulesAuthorizer.java:326)\n\tat com.google.cloud.datastore.emulator.impl.rules.DefaultEmulatorRulesAuthorizer.checkCommit(DefaultEmulatorRulesAuthorizer.java:114)\n\tat com.google.cloud.datastore.emulator.impl.firestore.FirestoreEmulatorHelper.commitHelper(FirestoreEmulatorHelper.java:386)\n\tat com.google.cloud.datastore.emulator.impl.firestore.FirestoreEmulatorHelper.internalCommit(FirestoreEmulatorHelper.java:336)\n\tat com.google.cloud.datastore.emulator.impl.firestore.CloudFirestoreV1.internalCommit(CloudFirestoreV1.java:1245)\n\tat com.google.cloud.datastore.emulator.impl.firestore.CloudFirestoreV1.write(CloudFirestoreV1.java:1232)\n\tat com.google.cloud.datastore.emulator.impl.firestore.CloudFirestoreV1WriteStream.handleRequest(CloudFirestoreV1WriteStream.java:222)\n\tat com.google.cloud.datastore.emulator.impl.firestore.CloudFirestoreV1WriteStream.write(CloudFirestoreV1WriteStream.java:144)\n\tat com.google.cloud.datastore.emulator.impl.firestore.CloudFirestoreV1WriteStream.onNext(CloudFirestoreV1WriteStream.java:99)\n\tat com.google.cloud.datastore.emulator.impl.firestore.CloudFirestoreV1WriteStream.onNext(CloudFirestoreV1WriteStream.java:27)\n\tat io.grpc.stub.ServerCalls$StreamingServerCallHandler$StreamingServerCallListener.onMessage(ServerCalls.java:262)\n\tat io.grpc.ForwardingServerCallListener.onMessage(ForwardingServerCallListener.java:33)\n\tat io.grpc.Contexts$ContextualizedServerCallListener.onMessage(Contexts.java:76)\n\tat io.grpc.ForwardingServerCallListener.onMessage(ForwardingServerCallListener.java:33)\n\tat io.grpc.Contexts$ContextualizedServerCallListener.onMessage(Contexts.java:76)\n\tat io.grpc.internal.ServerCallImpl$ServerStreamListenerImpl.messagesAvailableInternal(ServerCallImpl.java:334)\n\tat io.grpc.internal.ServerCallImpl$ServerStreamListenerImpl.messagesAvailable(ServerCallImpl.java:319)\n\tat io.grpc.internal.ServerImpl$JumpToApplicationThreadServerStreamListener$1MessagesAvailable.runInContext(ServerImpl.java:834)\n\tat io.grpc.internal.ContextRunnable.run(ContextRunnable.java:37)\n\tat io.grpc.internal.SerializingExecutor.run(SerializingExecutor.java:133)\n\tat java.base/java.util.concurrent.ThreadPoolExecutor.runWorker(ThreadPoolExecutor.java:1144)\n\tat java.base/java.util.concurrent.ThreadPoolExecutor$Worker.run(ThreadPoolExecutor.java:642)\n\tat java.base/java.lang.Thread.run(Thread.java:1583)\n\n"}}
[debug] [2026-08-12T08:44:55.054Z] Aug 12, 2026 8:44:55 AM com.google.cloud.datastore.emulator.impl.util.WrappedStreamObserver onError
WARNING: Operation failed: 
false for 'update' @ L99, evaluation error at L133:26 for 'update' @ L133, false for 'update' @ L99, false for 'update' @ L133
com.google.cloud.datastore.core.exception.DatastoreException: 
false for 'update' @ L99, evaluation error at L133:26 for 'update' @ L133, false for 'update' @ L99, false for 'update' @ L133
	at com.google.cloud.datastore.core.exception.DatastoreException$Builder.build(DatastoreException.java:152)
	at com.google.cloud.datastore.emulator.impl.rules.DefaultEmulatorRulesAuthorizer.verboseError(DefaultEmulatorRulesAuthorizer.java:349)
	at com.google.cloud.datastore.emulator.impl.rules.DefaultEmulatorRulesAuthorizer.withVerboseErrors(DefaultEmulatorRulesAuthorizer.java:326)
	at com.google.cloud.datastore.emulator.impl.rules.DefaultEmulatorRulesAuthorizer.checkCommit(DefaultEmulatorRulesAuthorizer.java:114)
	at com.google.cloud.datastore.emulator.impl.firestore.FirestoreEmulatorHelper.commitHelper(FirestoreEmulatorHelper.java:386)
	at com.google.cloud.datastore.emulator.impl.firestore.FirestoreEmulatorHelper.internalCommit(FirestoreEmulatorHelper.java:336)
	at com.google.cloud.datastore.emulator.impl.firestore.CloudFirestoreV1.internalCommit(CloudFirestoreV1.java:1245)
	at com.google.cloud.datastore.emulator.impl.firestore.CloudFirestoreV1.write(CloudFirestoreV1.java:1232)
	at com.google.cloud.datastore.emulator.impl.firestore.CloudFirestoreV1WriteStream.handleRequest(CloudFirestoreV1WriteStream.java:222)
	at com.google.cloud.datastore.emulator.impl.firestore.CloudFirestoreV1WriteStream.write(CloudFirestoreV1WriteStream.java:144)
	at com.google.cloud.datastore.emulator.impl.firestore.CloudFirestoreV1WriteStream.onNext(CloudFirestoreV1WriteStream.java:99)
	at com.google.cloud.datastore.emulator.impl.firestore.CloudFirestoreV1WriteStream.onNext(CloudFirestoreV1WriteStream.java:27)
	at io.grpc.stub.ServerCalls$StreamingServerCallHandler$StreamingServerCallListener.onMessage(ServerCalls.java:262)
	at io.grpc.ForwardingServerCallListener.onMessage(ForwardingServerCallListener.java:33)
	at io.grpc.Contexts$ContextualizedServerCallListener.onMessage(Contexts.java:76)
	at io.grpc.ForwardingServerCallListener.onMessage(ForwardingServerCallListener.java:33)
	at io.grpc.Contexts$ContextualizedServerCallListener.onMessage(Contexts.java:76)
	at io.grpc.internal.ServerCallImpl$ServerStreamListenerImpl.messagesAvailableInternal(ServerCallImpl.java:334)
	at io.grpc.internal.ServerCallImpl$ServerStreamListenerImpl.messagesAvailable(ServerCallImpl.java:319)
	at io.grpc.internal.ServerImpl$JumpToApplicationThreadServerStreamListener$1MessagesAvailable.runInContext(ServerImpl.java:834)
	at io.grpc.internal.ContextRunnable.run(ContextRunnable.java:37)
	at io.grpc.internal.SerializingExecutor.run(SerializingExecutor.java:133)
	at java.base/java.util.concurrent.ThreadPoolExecutor.runWorker(ThreadPoolExecutor.java:1144)
	at java.base/java.util.concurrent.ThreadPoolExecutor$Worker.run(ThreadPoolExecutor.java:642)
	at java.base/java.lang.Thread.run(Thread.java:1583)

 {"metadata":{"emulator":{"name":"firestore"},"message":"Aug 12, 2026 8:44:55 AM com.google.cloud.datastore.emulator.impl.util.WrappedStreamObserver onError\nWARNING: Operation failed: \nfalse for 'update' @ L99, evaluation error at L133:26 for 'update' @ L133, false for 'update' @ L99, false for 'update' @ L133\ncom.google.cloud.datastore.core.exception.DatastoreException: \nfalse for 'update' @ L99, evaluation error at L133:26 for 'update' @ L133, false for 'update' @ L99, false for 'update' @ L133\n\tat com.google.cloud.datastore.core.exception.DatastoreException$Builder.build(DatastoreException.java:152)\n\tat com.google.cloud.datastore.emulator.impl.rules.DefaultEmulatorRulesAuthorizer.verboseError(DefaultEmulatorRulesAuthorizer.java:349)\n\tat com.google.cloud.datastore.emulator.impl.rules.DefaultEmulatorRulesAuthorizer.withVerboseErrors(DefaultEmulatorRulesAuthorizer.java:326)\n\tat com.google.cloud.datastore.emulator.impl.rules.DefaultEmulatorRulesAuthorizer.checkCommit(DefaultEmulatorRulesAuthorizer.java:114)\n\tat com.google.cloud.datastore.emulator.impl.firestore.FirestoreEmulatorHelper.commitHelper(FirestoreEmulatorHelper.java:386)\n\tat com.google.cloud.datastore.emulator.impl.firestore.FirestoreEmulatorHelper.internalCommit(FirestoreEmulatorHelper.java:336)\n\tat com.google.cloud.datastore.emulator.impl.firestore.CloudFirestoreV1.internalCommit(CloudFirestoreV1.java:1245)\n\tat com.google.cloud.datastore.emulator.impl.firestore.CloudFirestoreV1.write(CloudFirestoreV1.java:1232)\n\tat com.google.cloud.datastore.emulator.impl.firestore.CloudFirestoreV1WriteStream.handleRequest(CloudFirestoreV1WriteStream.java:222)\n\tat com.google.cloud.datastore.emulator.impl.firestore.CloudFirestoreV1WriteStream.write(CloudFirestoreV1WriteStream.java:144)\n\tat com.google.cloud.datastore.emulator.impl.firestore.CloudFirestoreV1WriteStream.onNext(CloudFirestoreV1WriteStream.java:99)\n\tat com.google.cloud.datastore.emulator.impl.firestore.CloudFirestoreV1WriteStream.onNext(CloudFirestoreV1WriteStream.java:27)\n\tat io.grpc.stub.ServerCalls$StreamingServerCallHandler$StreamingServerCallListener.onMessage(ServerCalls.java:262)\n\tat io.grpc.ForwardingServerCallListener.onMessage(ForwardingServerCallListener.java:33)\n\tat io.grpc.Contexts$ContextualizedServerCallListener.onMessage(Contexts.java:76)\n\tat io.grpc.ForwardingServerCallListener.onMessage(ForwardingServerCallListener.java:33)\n\tat io.grpc.Contexts$ContextualizedServerCallListener.onMessage(Contexts.java:76)\n\tat io.grpc.internal.ServerCallImpl$ServerStreamListenerImpl.messagesAvailableInternal(ServerCallImpl.java:334)\n\tat io.grpc.internal.ServerCallImpl$ServerStreamListenerImpl.messagesAvailable(ServerCallImpl.java:319)\n\tat io.grpc.internal.ServerImpl$JumpToApplicationThreadServerStreamListener$1MessagesAvailable.runInContext(ServerImpl.java:834)\n\tat io.grpc.internal.ContextRunnable.run(ContextRunnable.java:37)\n\tat io.grpc.internal.SerializingExecutor.run(SerializingExecutor.java:133)\n\tat java.base/java.util.concurrent.ThreadPoolExecutor.runWorker(ThreadPoolExecutor.java:1144)\n\tat java.base/java.util.concurrent.ThreadPoolExecutor$Worker.run(ThreadPoolExecutor.java:642)\n\tat java.base/java.lang.Thread.run(Thread.java:1583)\n\n"}}
[debug] [2026-08-12T08:44:55.164Z] Aug 12, 2026 8:44:55 AM com.google.cloud.datastore.emulator.impl.util.WrappedStreamObserver onError
WARNING: Operation failed: 
false for 'update' @ L99, evaluation error at L133:26 for 'update' @ L133, false for 'update' @ L99, Function not found error: Name: [contains]. for 'update' @ L133
com.google.cloud.datastore.core.exception.DatastoreException: 
false for 'update' @ L99, evaluation error at L133:26 for 'update' @ L133, false for 'update' @ L99, Function not found error: Name: [contains]. for 'update' @ L133
	at com.google.cloud.datastore.core.exception.DatastoreException$Builder.build(DatastoreException.java:152)
	at com.google.cloud.datastore.emulator.impl.rules.DefaultEmulatorRulesAuthorizer.verboseError(DefaultEmulatorRulesAuthorizer.java:349)
	at com.google.cloud.datastore.emulator.impl.rules.DefaultEmulatorRulesAuthorizer.withVerboseErrors(DefaultEmulatorRulesAuthorizer.java:326)
	at com.google.cloud.datastore.emulator.impl.rules.DefaultEmulatorRulesAuthorizer.checkCommit(DefaultEmulatorRulesAuthorizer.java:114)
	at com.google.cloud.datastore.emulator.impl.firestore.FirestoreEmulatorHelper.commitHelper(FirestoreEmulatorHelper.java:386)
	at com.google.cloud.datastore.emulator.impl.firestore.FirestoreEmulatorHelper.internalCommit(FirestoreEmulatorHelper.java:336)
	at com.google.cloud.datastore.emulator.impl.firestore.CloudFirestoreV1.internalCommit(CloudFirestoreV1.java:1245)
	at com.google.cloud.datastore.emulator.impl.firestore.CloudFirestoreV1.write(CloudFirestoreV1.java:1232)
	at com.google.cloud.datastore.emulator.impl.firestore.CloudFirestoreV1WriteStream.handleRequest(CloudFirestoreV1WriteStream.java:222)
	at com.google.cloud.datastore.emulator.impl.firestore.CloudFirestoreV1WriteStream.write(CloudFirestoreV1WriteStream.java:144)
	at com.google.cloud.datastore.emulator.impl.firestore.CloudFirestoreV1WriteStream.onNext(CloudFirestoreV1WriteStream.java:99)
	at com.google.cloud.datastore.emulator.impl.firestore.CloudFirestoreV1WriteStream.onNext(CloudFirestoreV1WriteStream.java:27)
	at io.grpc.stub.ServerCalls$StreamingServerCallHandler$StreamingServerCallListener.onMessage(ServerCalls.java:262)
	at io.grpc.ForwardingServerCallListener.onMessage(ForwardingServerCallListener.java:33)
	at io.grpc.Contexts$ContextualizedServerCallListener.onMessage(Contexts.java:76)
	at io.grpc.ForwardingServerCallListener.onMessage(ForwardingServerCallListener.java:33)
	at io.grpc.Contexts$ContextualizedServerCallListener.onMessage(Contexts.java:76)
	at io.grpc.internal.ServerCallImpl$ServerStreamListenerImpl.messagesAvailableInternal(ServerCallImpl.java:334)
	at io.grpc.internal.ServerCallImpl$ServerStreamListenerImpl.messagesAvailable(ServerCallImpl.java:319)
	at io.grpc.internal.ServerImpl$JumpToApplicationThreadServerStreamListener$1MessagesAvailable.runInContext(ServerImpl.java:834)
	at io.grpc.internal.ContextRunnable.run(ContextRunnable.java:37)
	at io.grpc.internal.SerializingExecutor.run(SerializingExecutor.java:133)
	at java.base/java.util.concurrent.ThreadPoolExecutor.runWorker(ThreadPoolExecutor.java:1144)
	at java.base/java.util.concurrent.ThreadPoolExecutor$Worker.run(ThreadPoolExecutor.java:642)
	at java.base/java.lang.Thread.run(Thread.java:1583)
Caused by: com.google.firebase.rules.runtime.common.EvaluationException: Error:  line [85], column [16]. Function not found error: Name: [contains].
	at com.google.firebase.rules.runtime.impl.DefaultEvaluator$TransformEvaluationException.apply(DefaultEvaluator.java:275)
	at com.google.firebase.rules.runtime.impl.DefaultEvaluator$TransformEvaluationException.apply(DefaultEvaluator.java:261)
	at com.google.common.util.concurrent.AbstractCatchingFuture$AsyncCatchingFuture.doFallback(AbstractCatchingFuture.java:207)
	at com.google.common.util.concurrent.AbstractCatchingFuture$AsyncCatchingFuture.doFallback(AbstractCatchingFuture.java:194)
	at com.google.common.util.concurrent.AbstractCatchingFuture.run(AbstractCatchingFuture.java:136)
	at com.google.common.util.concurrent.DirectExecutor.execute(DirectExecutor.java:30)
	at com.google.common.util.concurrent.AbstractFuture.executeListener(AbstractFuture.java:1024)
	at com.google.common.util.concurrent.AbstractFuture.addListener(AbstractFuture.java:486)
	at com.google.common.util.concurrent.FluentFuture$TrustedFuture.addListener(FluentFuture.java:122)
	at com.google.common.util.concurrent.AbstractCatchingFuture.createAsync(AbstractCatchingFuture.java:58)
	at com.google.common.util.concurrent.Futures.catchingAsync(Futures.java:409)
	at com.google.firebase.rules.runtime.impl.DefaultEvaluator.evaluate(DefaultEvaluator.java:177)
	at com.google.cloud.datastore.emulator.impl.rules.EmulatorRuleClient$EmulatorRuleEvaluator.evaluate(EmulatorRuleClient.java:88)
	at com.google.cloud.datastore.core.auth.rules.AsyncTwoPhaseRulesAuthorizer.lambda$fullEvaluate$0(AsyncTwoPhaseRulesAuthorizer.java:1001)
	at com.google.cloud.datastore.computation.Computation.tryCatch(Computation.java:469)
	at com.google.cloud.datastore.core.auth.rules.AsyncTwoPhaseRulesAuthorizer.fullEvaluate(AsyncTwoPhaseRulesAuthorizer.java:1000)
	at com.google.cloud.datastore.core.auth.rules.AsyncTwoPhaseRulesAuthorizer$CommitAuthorizerImpl.lambda$checkWrite$0(AsyncTwoPhaseRulesAuthorizer.java:1237)
	at com.google.cloud.datastore.computation.Computation.lambda$tryClose$1(Computation.java:738)
	at com.google.cloud.datastore.computation.Computation.tryCatch(Computation.java:469)
	at com.google.cloud.datastore.computation.Computation.tryFinally(Computation.java:705)
	at com.google.cloud.datastore.computation.Computation.tryFinally(Computation.java:711)
	at com.google.cloud.datastore.computation.Computation.tryClose(Computation.java:738)
	at com.google.cloud.datastore.core.auth.rules.AsyncTwoPhaseRulesAuthorizer$CommitAuthorizerImpl.checkWrite(AsyncTwoPhaseRulesAuthorizer.java:1206)
	at com.google.cloud.datastore.emulator.impl.rules.DefaultEmulatorRulesAuthorizer.lambda$checkCommit$2(DefaultEmulatorRulesAuthorizer.java:125)
	at com.google.cloud.datastore.computation.Computation.run(Computation.java:81)
	at com.google.cloud.datastore.computation.Computation$Terminated.toFuture(Computation.java:947)
	at com.google.cloud.datastore.computation.Computation.toFuture(Computation.java:92)
	at com.google.cloud.datastore.emulator.impl.rules.DefaultEmulatorRulesAuthorizer.finish(DefaultEmulatorRulesAuthorizer.java:308)
	at com.google.cloud.datastore.emulator.impl.rules.DefaultEmulatorRulesAuthorizer.lambda$checkCommit$0(DefaultEmulatorRulesAuthorizer.java:123)
	at com.google.cloud.datastore.emulator.impl.rules.DefaultEmulatorRulesAuthorizer.withVerboseErrors(DefaultEmulatorRulesAuthorizer.java:321)
	... 22 more

 {"metadata":{"emulator":{"name":"firestore"},"message":"Aug 12, 2026 8:44:55 AM com.google.cloud.datastore.emulator.impl.util.WrappedStreamObserver onError\nWARNING: Operation failed: \nfalse for 'update' @ L99, evaluation error at L133:26 for 'update' @ L133, false for 'update' @ L99, Function not found error: Name: [contains]. for 'update' @ L133\ncom.google.cloud.datastore.core.exception.DatastoreException: \nfalse for 'update' @ L99, evaluation error at L133:26 for 'update' @ L133, false for 'update' @ L99, Function not found error: Name: [contains]. for 'update' @ L133\n\tat com.google.cloud.datastore.core.exception.DatastoreException$Builder.build(DatastoreException.java:152)\n\tat com.google.cloud.datastore.emulator.impl.rules.DefaultEmulatorRulesAuthorizer.verboseError(DefaultEmulatorRulesAuthorizer.java:349)\n\tat com.google.cloud.datastore.emulator.impl.rules.DefaultEmulatorRulesAuthorizer.withVerboseErrors(DefaultEmulatorRulesAuthorizer.java:326)\n\tat com.google.cloud.datastore.emulator.impl.rules.DefaultEmulatorRulesAuthorizer.checkCommit(DefaultEmulatorRulesAuthorizer.java:114)\n\tat com.google.cloud.datastore.emulator.impl.firestore.FirestoreEmulatorHelper.commitHelper(FirestoreEmulatorHelper.java:386)\n\tat com.google.cloud.datastore.emulator.impl.firestore.FirestoreEmulatorHelper.internalCommit(FirestoreEmulatorHelper.java:336)\n\tat com.google.cloud.datastore.emulator.impl.firestore.CloudFirestoreV1.internalCommit(CloudFirestoreV1.java:1245)\n\tat com.google.cloud.datastore.emulator.impl.firestore.CloudFirestoreV1.write(CloudFirestoreV1.java:1232)\n\tat com.google.cloud.datastore.emulator.impl.firestore.CloudFirestoreV1WriteStream.handleRequest(CloudFirestoreV1WriteStream.java:222)\n\tat com.google.cloud.datastore.emulator.impl.firestore.CloudFirestoreV1WriteStream.write(CloudFirestoreV1WriteStream.java:144)\n\tat com.google.cloud.datastore.emulator.impl.firestore.CloudFirestoreV1WriteStream.onNext(CloudFirestoreV1WriteStream.java:99)\n\tat com.google.cloud.datastore.emulator.impl.firestore.CloudFirestoreV1WriteStream.onNext(CloudFirestoreV1WriteStream.java:27)\n\tat io.grpc.stub.ServerCalls$StreamingServerCallHandler$StreamingServerCallListener.onMessage(ServerCalls.java:262)\n\tat io.grpc.ForwardingServerCallListener.onMessage(ForwardingServerCallListener.java:33)\n\tat io.grpc.Contexts$ContextualizedServerCallListener.onMessage(Contexts.java:76)\n\tat io.grpc.ForwardingServerCallListener.onMessage(ForwardingServerCallListener.java:33)\n\tat io.grpc.Contexts$ContextualizedServerCallListener.onMessage(Contexts.java:76)\n\tat io.grpc.internal.ServerCallImpl$ServerStreamListenerImpl.messagesAvailableInternal(ServerCallImpl.java:334)\n\tat io.grpc.internal.ServerCallImpl$ServerStreamListenerImpl.messagesAvailable(ServerCallImpl.java:319)\n\tat io.grpc.internal.ServerImpl$JumpToApplicationThreadServerStreamListener$1MessagesAvailable.runInContext(ServerImpl.java:834)\n\tat io.grpc.internal.ContextRunnable.run(ContextRunnable.java:37)\n\tat io.grpc.internal.SerializingExecutor.run(SerializingExecutor.java:133)\n\tat java.base/java.util.concurrent.ThreadPoolExecutor.runWorker(ThreadPoolExecutor.java:1144)\n\tat java.base/java.util.concurrent.ThreadPoolExecutor$Worker.run(ThreadPoolExecutor.java:642)\n\tat java.base/java.lang.Thread.run(Thread.java:1583)\nCaused by: com.google.firebase.rules.runtime.common.EvaluationException: Error:  line [85], column [16]. Function not found error: Name: [contains].\n\tat com.google.firebase.rules.runtime.impl.DefaultEvaluator$TransformEvaluationException.apply(DefaultEvaluator.java:275)\n\tat com.google.firebase.rules.runtime.impl.DefaultEvaluator$TransformEvaluationException.apply(DefaultEvaluator.java:261)\n\tat com.google.common.util.concurrent.AbstractCatchingFuture$AsyncCatchingFuture.doFallback(AbstractCatchingFuture.java:207)\n\tat com.google.common.util.concurrent.AbstractCatchingFuture$AsyncCatchingFuture.doFallback(AbstractCatchingFuture.java:194)\n\tat com.google.common.util.concurrent.AbstractCatchingFuture.run(AbstractCatchingFuture.java:136)\n\tat com.google.common.util.concurrent.DirectExecutor.execute(DirectExecutor.java:30)\n\tat com.google.common.util.concurrent.AbstractFuture.executeListener(AbstractFuture.java:1024)\n\tat com.google.common.util.concurrent.AbstractFuture.addListener(AbstractFuture.java:486)\n\tat com.google.common.util.concurrent.FluentFuture$TrustedFuture.addListener(FluentFuture.java:122)\n\tat com.google.common.util.concurrent.AbstractCatchingFuture.createAsync(AbstractCatchingFuture.java:58)\n\tat com.google.common.util.concurrent.Futures.catchingAsync(Futures.java:409)\n\tat com.google.firebase.rules.runtime.impl.DefaultEvaluator.evaluate(DefaultEvaluator.java:177)\n\tat com.google.cloud.datastore.emulator.impl.rules.EmulatorRuleClient$EmulatorRuleEvaluator.evaluate(EmulatorRuleClient.java:88)\n\tat com.google.cloud.datastore.core.auth.rules.AsyncTwoPhaseRulesAuthorizer.lambda$fullEvaluate$0(AsyncTwoPhaseRulesAuthorizer.java:1001)\n\tat com.google.cloud.datastore.computation.Computation.tryCatch(Computation.java:469)\n\tat com.google.cloud.datastore.core.auth.rules.AsyncTwoPhaseRulesAuthorizer.fullEvaluate(AsyncTwoPhaseRulesAuthorizer.java:1000)\n\tat com.google.cloud.datastore.core.auth.rules.AsyncTwoPhaseRulesAuthorizer$CommitAuthorizerImpl.lambda$checkWrite$0(AsyncTwoPhaseRulesAuthorizer.java:1237)\n\tat com.google.cloud.datastore.computation.Computation.lambda$tryClose$1(Computation.java:738)\n\tat com.google.cloud.datastore.computation.Computation.tryCatch(Computation.java:469)\n\tat com.google.cloud.datastore.computation.Computation.tryFinally(Computation.java:705)\n\tat com.google.cloud.datastore.computation.Computation.tryFinally(Computation.java:711)\n\tat com.google.cloud.datastore.computation.Computation.tryClose(Computation.java:738)\n\tat com.google.cloud.datastore.core.auth.rules.AsyncTwoPhaseRulesAuthorizer$CommitAuthorizerImpl.checkWrite(AsyncTwoPhaseRulesAuthorizer.java:1206)\n\tat com.google.cloud.datastore.emulator.impl.rules.DefaultEmulatorRulesAuthorizer.lambda$checkCommit$2(DefaultEmulatorRulesAuthorizer.java:125)\n\tat com.google.cloud.datastore.computation.Computation.run(Computation.java:81)\n\tat com.google.cloud.datastore.computation.Computation$Terminated.toFuture(Computation.java:947)\n\tat com.google.cloud.datastore.computation.Computation.toFuture(Computation.java:92)\n\tat com.google.cloud.datastore.emulator.impl.rules.DefaultEmulatorRulesAuthorizer.finish(DefaultEmulatorRulesAuthorizer.java:308)\n\tat com.google.cloud.datastore.emulator.impl.rules.DefaultEmulatorRulesAuthorizer.lambda$checkCommit$0(DefaultEmulatorRulesAuthorizer.java:123)\n\tat com.google.cloud.datastore.emulator.impl.rules.DefaultEmulatorRulesAuthorizer.withVerboseErrors(DefaultEmulatorRulesAuthorizer.java:321)\n\t... 22 more\n\n"}}
[debug] [2026-08-12T08:44:55.358Z] Aug 12, 2026 8:44:55 AM com.google.cloud.datastore.emulator.impl.util.WrappedStreamObserver onError
WARNING: Operation failed: 
false for 'delete' @ L99, evaluation error at L135:26 for 'delete' @ L135, false for 'delete' @ L99, false for 'delete' @ L135
com.google.cloud.datastore.core.exception.DatastoreException: 
false for 'delete' @ L99, evaluation error at L135:26 for 'delete' @ L135, false for 'delete' @ L99, false for 'delete' @ L135
	at com.google.cloud.datastore.core.exception.DatastoreException$Builder.build(DatastoreException.java:152)
	at com.google.cloud.datastore.emulator.impl.rules.DefaultEmulatorRulesAuthorizer.verboseError(DefaultEmulatorRulesAuthorizer.java:349)
	at com.google.cloud.datastore.emulator.impl.rules.DefaultEmulatorRulesAuthorizer.withVerboseErrors(DefaultEmulatorRulesAuthorizer.java:326)
	at com.google.cloud.datastore.emulator.impl.rules.DefaultEmulatorRulesAuthorizer.checkCommit(DefaultEmulatorRulesAuthorizer.java:114)
	at com.google.cloud.datastore.emulator.impl.firestore.FirestoreEmulatorHelper.commitHelper(FirestoreEmulatorHelper.java:386)
	at com.google.cloud.datastore.emulator.impl.firestore.FirestoreEmulatorHelper.internalCommit(FirestoreEmulatorHelper.java:336)
	at com.google.cloud.datastore.emulator.impl.firestore.CloudFirestoreV1.internalCommit(CloudFirestoreV1.java:1245)
	at com.google.cloud.datastore.emulator.impl.firestore.CloudFirestoreV1.write(CloudFirestoreV1.java:1232)
	at com.google.cloud.datastore.emulator.impl.firestore.CloudFirestoreV1WriteStream.handleRequest(CloudFirestoreV1WriteStream.java:222)
	at com.google.cloud.datastore.emulator.impl.firestore.CloudFirestoreV1WriteStream.write(CloudFirestoreV1WriteStream.java:144)
	at com.google.cloud.datastore.emulator.impl.firestore.CloudFirestoreV1WriteStream.onNext(CloudFirestoreV1WriteStream.java:99)
	at com.google.cloud.datastore.emulator.impl.firestore.CloudFirestoreV1WriteStream.onNext(CloudFirestoreV1WriteStream.java:27)
	at io.grpc.stub.ServerCalls$StreamingServerCallHandler$StreamingServerCallListener.onMessage(ServerCalls.java:262)
	at io.grpc.ForwardingServerCallListener.onMessage(ForwardingServerCallListener.java:33)
	at io.grpc.Contexts$ContextualizedServerCallListener.onMessage(Contexts.java:76)
	at io.grpc.ForwardingServerCallListener.onMessage(ForwardingServerCallListener.java:33)
	at io.grpc.Contexts$ContextualizedServerCallListener.onMessage(Contexts.java:76)
	at io.grpc.internal.ServerCallImpl$ServerStreamListenerImpl.messagesAvailableInternal(ServerCallImpl.java:334)
	at io.grpc.internal.ServerCallImpl$ServerStreamListenerImpl.messagesAvailable(ServerCallImpl.java:319)
	at io.grpc.internal.ServerImpl$JumpToApplicationThreadServerStreamListener$1MessagesAvailable.runInContext(ServerImpl.java:834)
	at io.grpc.internal.ContextRunnable.run(ContextRunnable.java:37)
	at io.grpc.internal.SerializingExecutor.run(SerializingExecutor.java:133)
	at java.base/java.util.concurrent.ThreadPoolExecutor.runWorker(ThreadPoolExecutor.java:1144)
	at java.base/java.util.concurrent.ThreadPoolExecutor$Worker.run(ThreadPoolExecutor.java:642)
	at java.base/java.lang.Thread.run(Thread.java:1583)

 {"metadata":{"emulator":{"name":"firestore"},"message":"Aug 12, 2026 8:44:55 AM com.google.cloud.datastore.emulator.impl.util.WrappedStreamObserver onError\nWARNING: Operation failed: \nfalse for 'delete' @ L99, evaluation error at L135:26 for 'delete' @ L135, false for 'delete' @ L99, false for 'delete' @ L135\ncom.google.cloud.datastore.core.exception.DatastoreException: \nfalse for 'delete' @ L99, evaluation error at L135:26 for 'delete' @ L135, false for 'delete' @ L99, false for 'delete' @ L135\n\tat com.google.cloud.datastore.core.exception.DatastoreException$Builder.build(DatastoreException.java:152)\n\tat com.google.cloud.datastore.emulator.impl.rules.DefaultEmulatorRulesAuthorizer.verboseError(DefaultEmulatorRulesAuthorizer.java:349)\n\tat com.google.cloud.datastore.emulator.impl.rules.DefaultEmulatorRulesAuthorizer.withVerboseErrors(DefaultEmulatorRulesAuthorizer.java:326)\n\tat com.google.cloud.datastore.emulator.impl.rules.DefaultEmulatorRulesAuthorizer.checkCommit(DefaultEmulatorRulesAuthorizer.java:114)\n\tat com.google.cloud.datastore.emulator.impl.firestore.FirestoreEmulatorHelper.commitHelper(FirestoreEmulatorHelper.java:386)\n\tat com.google.cloud.datastore.emulator.impl.firestore.FirestoreEmulatorHelper.internalCommit(FirestoreEmulatorHelper.java:336)\n\tat com.google.cloud.datastore.emulator.impl.firestore.CloudFirestoreV1.internalCommit(CloudFirestoreV1.java:1245)\n\tat com.google.cloud.datastore.emulator.impl.firestore.CloudFirestoreV1.write(CloudFirestoreV1.java:1232)\n\tat com.google.cloud.datastore.emulator.impl.firestore.CloudFirestoreV1WriteStream.handleRequest(CloudFirestoreV1WriteStream.java:222)\n\tat com.google.cloud.datastore.emulator.impl.firestore.CloudFirestoreV1WriteStream.write(CloudFirestoreV1WriteStream.java:144)\n\tat com.google.cloud.datastore.emulator.impl.firestore.CloudFirestoreV1WriteStream.onNext(CloudFirestoreV1WriteStream.java:99)\n\tat com.google.cloud.datastore.emulator.impl.firestore.CloudFirestoreV1WriteStream.onNext(CloudFirestoreV1WriteStream.java:27)\n\tat io.grpc.stub.ServerCalls$StreamingServerCallHandler$StreamingServerCallListener.onMessage(ServerCalls.java:262)\n\tat io.grpc.ForwardingServerCallListener.onMessage(ForwardingServerCallListener.java:33)\n\tat io.grpc.Contexts$ContextualizedServerCallListener.onMessage(Contexts.java:76)\n\tat io.grpc.ForwardingServerCallListener.onMessage(ForwardingServerCallListener.java:33)\n\tat io.grpc.Contexts$ContextualizedServerCallListener.onMessage(Contexts.java:76)\n\tat io.grpc.internal.ServerCallImpl$ServerStreamListenerImpl.messagesAvailableInternal(ServerCallImpl.java:334)\n\tat io.grpc.internal.ServerCallImpl$ServerStreamListenerImpl.messagesAvailable(ServerCallImpl.java:319)\n\tat io.grpc.internal.ServerImpl$JumpToApplicationThreadServerStreamListener$1MessagesAvailable.runInContext(ServerImpl.java:834)\n\tat io.grpc.internal.ContextRunnable.run(ContextRunnable.java:37)\n\tat io.grpc.internal.SerializingExecutor.run(SerializingExecutor.java:133)\n\tat java.base/java.util.concurrent.ThreadPoolExecutor.runWorker(ThreadPoolExecutor.java:1144)\n\tat java.base/java.util.concurrent.ThreadPoolExecutor$Worker.run(ThreadPoolExecutor.java:642)\n\tat java.base/java.lang.Thread.run(Thread.java:1583)\n\n"}}
[debug] [2026-08-12T08:44:55.555Z] Aug 12, 2026 8:44:55 AM com.google.cloud.datastore.emulator.impl.util.WrappedStreamObserver onError
WARNING: Operation failed: 
false for 'create' @ L99, false for 'create' @ L142, false for 'update' @ L99, evaluation error at L145:26 for 'update' @ L145, false for 'create' @ L99, false for 'create' @ L142
com.google.cloud.datastore.core.exception.DatastoreException: 
false for 'create' @ L99, false for 'create' @ L142, false for 'update' @ L99, evaluation error at L145:26 for 'update' @ L145, false for 'create' @ L99, false for 'create' @ L142
	at com.google.cloud.datastore.core.exception.DatastoreException$Builder.build(DatastoreException.java:152)
	at com.google.cloud.datastore.emulator.impl.rules.DefaultEmulatorRulesAuthorizer.verboseError(DefaultEmulatorRulesAuthorizer.java:349)
	at com.google.cloud.datastore.emulator.impl.rules.DefaultEmulatorRulesAuthorizer.withVerboseErrors(DefaultEmulatorRulesAuthorizer.java:326)
	at com.google.cloud.datastore.emulator.impl.rules.DefaultEmulatorRulesAuthorizer.checkCommit(DefaultEmulatorRulesAuthorizer.java:114)
	at com.google.cloud.datastore.emulator.impl.firestore.FirestoreEmulatorHelper.commitHelper(FirestoreEmulatorHelper.java:386)
	at com.google.cloud.datastore.emulator.impl.firestore.FirestoreEmulatorHelper.internalCommit(FirestoreEmulatorHelper.java:336)
	at com.google.cloud.datastore.emulator.impl.firestore.CloudFirestoreV1.internalCommit(CloudFirestoreV1.java:1245)
	at com.google.cloud.datastore.emulator.impl.firestore.CloudFirestoreV1.write(CloudFirestoreV1.java:1232)
	at com.google.cloud.datastore.emulator.impl.firestore.CloudFirestoreV1WriteStream.handleRequest(CloudFirestoreV1WriteStream.java:222)
	at com.google.cloud.datastore.emulator.impl.firestore.CloudFirestoreV1WriteStream.write(CloudFirestoreV1WriteStream.java:144)
	at com.google.cloud.datastore.emulator.impl.firestore.CloudFirestoreV1WriteStream.onNext(CloudFirestoreV1WriteStream.java:99)
	at com.google.cloud.datastore.emulator.impl.firestore.CloudFirestoreV1WriteStream.onNext(CloudFirestoreV1WriteStream.java:27)
	at io.grpc.stub.ServerCalls$StreamingServerCallHandler$StreamingServerCallListener.onMessage(ServerCalls.java:262)
	at io.grpc.ForwardingServerCallListener.onMessage(ForwardingServerCallListener.java:33)
	at io.grpc.Contexts$ContextualizedServerCallListener.onMessage(Contexts.java:76)
	at io.grpc.ForwardingServerCallListener.onMessage(ForwardingServerCallListener.java:33)
	at io.grpc.Contexts$ContextualizedServerCallListener.onMessage(Contexts.java:76)
	at io.grpc.internal.ServerCallImpl$ServerStreamListenerImpl.messagesAvailableInternal(ServerCallImpl.java:334)
	at io.grpc.internal.ServerCallImpl$ServerStreamListenerImpl.messagesAvailable(ServerCallImpl.java:319)
	at io.grpc.internal.ServerImpl$JumpToApplicationThreadServerStreamListener$1MessagesAvailable.runInContext(ServerImpl.java:834)
	at io.grpc.internal.ContextRunnable.run(ContextRunnable.java:37)
	at io.grpc.internal.SerializingExecutor.run(SerializingExecutor.java:133)
	at java.base/java.util.concurrent.ThreadPoolExecutor.runWorker(ThreadPoolExecutor.java:1144)
	at java.base/java.util.concurrent.ThreadPoolExecutor$Worker.run(ThreadPoolExecutor.java:642)
	at java.base/java.lang.Thread.run(Thread.java:1583)

 {"metadata":{"emulator":{"name":"firestore"},"message":"Aug 12, 2026 8:44:55 AM com.google.cloud.datastore.emulator.impl.util.WrappedStreamObserver onError\nWARNING: Operation failed: \nfalse for 'create' @ L99, false for 'create' @ L142, false for 'update' @ L99, evaluation error at L145:26 for 'update' @ L145, false for 'create' @ L99, false for 'create' @ L142\ncom.google.cloud.datastore.core.exception.DatastoreException: \nfalse for 'create' @ L99, false for 'create' @ L142, false for 'update' @ L99, evaluation error at L145:26 for 'update' @ L145, false for 'create' @ L99, false for 'create' @ L142\n\tat com.google.cloud.datastore.core.exception.DatastoreException$Builder.build(DatastoreException.java:152)\n\tat com.google.cloud.datastore.emulator.impl.rules.DefaultEmulatorRulesAuthorizer.verboseError(DefaultEmulatorRulesAuthorizer.java:349)\n\tat com.google.cloud.datastore.emulator.impl.rules.DefaultEmulatorRulesAuthorizer.withVerboseErrors(DefaultEmulatorRulesAuthorizer.java:326)\n\tat com.google.cloud.datastore.emulator.impl.rules.DefaultEmulatorRulesAuthorizer.checkCommit(DefaultEmulatorRulesAuthorizer.java:114)\n\tat com.google.cloud.datastore.emulator.impl.firestore.FirestoreEmulatorHelper.commitHelper(FirestoreEmulatorHelper.java:386)\n\tat com.google.cloud.datastore.emulator.impl.firestore.FirestoreEmulatorHelper.internalCommit(FirestoreEmulatorHelper.java:336)\n\tat com.google.cloud.datastore.emulator.impl.firestore.CloudFirestoreV1.internalCommit(CloudFirestoreV1.java:1245)\n\tat com.google.cloud.datastore.emulator.impl.firestore.CloudFirestoreV1.write(CloudFirestoreV1.java:1232)\n\tat com.google.cloud.datastore.emulator.impl.firestore.CloudFirestoreV1WriteStream.handleRequest(CloudFirestoreV1WriteStream.java:222)\n\tat com.google.cloud.datastore.emulator.impl.firestore.CloudFirestoreV1WriteStream.write(CloudFirestoreV1WriteStream.java:144)\n\tat com.google.cloud.datastore.emulator.impl.firestore.CloudFirestoreV1WriteStream.onNext(CloudFirestoreV1WriteStream.java:99)\n\tat com.google.cloud.datastore.emulator.impl.firestore.CloudFirestoreV1WriteStream.onNext(CloudFirestoreV1WriteStream.java:27)\n\tat io.grpc.stub.ServerCalls$StreamingServerCallHandler$StreamingServerCallListener.onMessage(ServerCalls.java:262)\n\tat io.grpc.ForwardingServerCallListener.onMessage(ForwardingServerCallListener.java:33)\n\tat io.grpc.Contexts$ContextualizedServerCallListener.onMessage(Contexts.java:76)\n\tat io.grpc.ForwardingServerCallListener.onMessage(ForwardingServerCallListener.java:33)\n\tat io.grpc.Contexts$ContextualizedServerCallListener.onMessage(Contexts.java:76)\n\tat io.grpc.internal.ServerCallImpl$ServerStreamListenerImpl.messagesAvailableInternal(ServerCallImpl.java:334)\n\tat io.grpc.internal.ServerCallImpl$ServerStreamListenerImpl.messagesAvailable(ServerCallImpl.java:319)\n\tat io.grpc.internal.ServerImpl$JumpToApplicationThreadServerStreamListener$1MessagesAvailable.runInContext(ServerImpl.java:834)\n\tat io.grpc.internal.ContextRunnable.run(ContextRunnable.java:37)\n\tat io.grpc.internal.SerializingExecutor.run(SerializingExecutor.java:133)\n\tat java.base/java.util.concurrent.ThreadPoolExecutor.runWorker(ThreadPoolExecutor.java:1144)\n\tat java.base/java.util.concurrent.ThreadPoolExecutor$Worker.run(ThreadPoolExecutor.java:642)\n\tat java.base/java.lang.Thread.run(Thread.java:1583)\n\n"}}
[debug] [2026-08-12T08:44:55.736Z] Aug 12, 2026 8:44:55 AM com.google.cloud.datastore.emulator.impl.util.WrappedStreamObserver onError
WARNING: Operation failed: 
false for 'create' @ L99, false for 'create' @ L153, false for 'update' @ L99, false for 'update' @ L153
com.google.cloud.datastore.core.exception.DatastoreException: 
false for 'create' @ L99, false for 'create' @ L153, false for 'update' @ L99, false for 'update' @ L153
	at com.google.cloud.datastore.core.exception.DatastoreException$Builder.build(DatastoreException.java:152)
	at com.google.cloud.datastore.emulator.impl.rules.DefaultEmulatorRulesAuthorizer.verboseError(DefaultEmulatorRulesAuthorizer.java:349)
	at com.google.cloud.datastore.emulator.impl.rules.DefaultEmulatorRulesAuthorizer.withVerboseErrors(DefaultEmulatorRulesAuthorizer.java:326)
	at com.google.cloud.datastore.emulator.impl.rules.DefaultEmulatorRulesAuthorizer.checkCommit(DefaultEmulatorRulesAuthorizer.java:114)
	at com.google.cloud.datastore.emulator.impl.firestore.FirestoreEmulatorHelper.commitHelper(FirestoreEmulatorHelper.java:386)
	at com.google.cloud.datastore.emulator.impl.firestore.FirestoreEmulatorHelper.internalCommit(FirestoreEmulatorHelper.java:336)
	at com.google.cloud.datastore.emulator.impl.firestore.CloudFirestoreV1.internalCommit(CloudFirestoreV1.java:1245)
	at com.google.cloud.datastore.emulator.impl.firestore.CloudFirestoreV1.write(CloudFirestoreV1.java:1232)
	at com.google.cloud.datastore.emulator.impl.firestore.CloudFirestoreV1WriteStream.handleRequest(CloudFirestoreV1WriteStream.java:222)
	at com.google.cloud.datastore.emulator.impl.firestore.CloudFirestoreV1WriteStream.write(CloudFirestoreV1WriteStream.java:144)
	at com.google.cloud.datastore.emulator.impl.firestore.CloudFirestoreV1WriteStream.onNext(CloudFirestoreV1WriteStream.java:99)
	at com.google.cloud.datastore.emulator.impl.firestore.CloudFirestoreV1WriteStream.onNext(CloudFirestoreV1WriteStream.java:27)
	at io.grpc.stub.ServerCalls$StreamingServerCallHandler$StreamingServerCallListener.onMessage(ServerCalls.java:262)
	at io.grpc.ForwardingServerCallListener.onMessage(ForwardingServerCallListener.java:33)
	at io.grpc.Contexts$ContextualizedServerCallListener.onMessage(Contexts.java:76)
	at io.grpc.ForwardingServerCallListener.onMessage(ForwardingServerCallListener.java:33)
	at io.grpc.Contexts$ContextualizedServerCallListener.onMessage(Contexts.java:76)
	at io.grpc.internal.ServerCallImpl$ServerStreamListenerImpl.messagesAvailableInternal(ServerCallImpl.java:334)
	at io.grpc.internal.ServerCallImpl$ServerStreamListenerImpl.messagesAvailable(ServerCallImpl.java:319)
	at io.grpc.internal.ServerImpl$JumpToApplicationThreadServerStreamListener$1MessagesAvailable.runInContext(ServerImpl.java:834)
	at io.grpc.internal.ContextRunnable.run(ContextRunnable.java:37)
	at io.grpc.internal.SerializingExecutor.run(SerializingExecutor.java:133)
	at java.base/java.util.concurrent.ThreadPoolExecutor.runWorker(ThreadPoolExecutor.java:1144)
	at java.base/java.util.concurrent.ThreadPoolExecutor$Worker.run(ThreadPoolExecutor.java:642)
	at java.base/java.lang.Thread.run(Thread.java:1583)

 {"metadata":{"emulator":{"name":"firestore"},"message":"Aug 12, 2026 8:44:55 AM com.google.cloud.datastore.emulator.impl.util.WrappedStreamObserver onError\nWARNING: Operation failed: \nfalse for 'create' @ L99, false for 'create' @ L153, false for 'update' @ L99, false for 'update' @ L153\ncom.google.cloud.datastore.core.exception.DatastoreException: \nfalse for 'create' @ L99, false for 'create' @ L153, false for 'update' @ L99, false for 'update' @ L153\n\tat com.google.cloud.datastore.core.exception.DatastoreException$Builder.build(DatastoreException.java:152)\n\tat com.google.cloud.datastore.emulator.impl.rules.DefaultEmulatorRulesAuthorizer.verboseError(DefaultEmulatorRulesAuthorizer.java:349)\n\tat com.google.cloud.datastore.emulator.impl.rules.DefaultEmulatorRulesAuthorizer.withVerboseErrors(DefaultEmulatorRulesAuthorizer.java:326)\n\tat com.google.cloud.datastore.emulator.impl.rules.DefaultEmulatorRulesAuthorizer.checkCommit(DefaultEmulatorRulesAuthorizer.java:114)\n\tat com.google.cloud.datastore.emulator.impl.firestore.FirestoreEmulatorHelper.commitHelper(FirestoreEmulatorHelper.java:386)\n\tat com.google.cloud.datastore.emulator.impl.firestore.FirestoreEmulatorHelper.internalCommit(FirestoreEmulatorHelper.java:336)\n\tat com.google.cloud.datastore.emulator.impl.firestore.CloudFirestoreV1.internalCommit(CloudFirestoreV1.java:1245)\n\tat com.google.cloud.datastore.emulator.impl.firestore.CloudFirestoreV1.write(CloudFirestoreV1.java:1232)\n\tat com.google.cloud.datastore.emulator.impl.firestore.CloudFirestoreV1WriteStream.handleRequest(CloudFirestoreV1WriteStream.java:222)\n\tat com.google.cloud.datastore.emulator.impl.firestore.CloudFirestoreV1WriteStream.write(CloudFirestoreV1WriteStream.java:144)\n\tat com.google.cloud.datastore.emulator.impl.firestore.CloudFirestoreV1WriteStream.onNext(CloudFirestoreV1WriteStream.java:99)\n\tat com.google.cloud.datastore.emulator.impl.firestore.CloudFirestoreV1WriteStream.onNext(CloudFirestoreV1WriteStream.java:27)\n\tat io.grpc.stub.ServerCalls$StreamingServerCallHandler$StreamingServerCallListener.onMessage(ServerCalls.java:262)\n\tat io.grpc.ForwardingServerCallListener.onMessage(ForwardingServerCallListener.java:33)\n\tat io.grpc.Contexts$ContextualizedServerCallListener.onMessage(Contexts.java:76)\n\tat io.grpc.ForwardingServerCallListener.onMessage(ForwardingServerCallListener.java:33)\n\tat io.grpc.Contexts$ContextualizedServerCallListener.onMessage(Contexts.java:76)\n\tat io.grpc.internal.ServerCallImpl$ServerStreamListenerImpl.messagesAvailableInternal(ServerCallImpl.java:334)\n\tat io.grpc.internal.ServerCallImpl$ServerStreamListenerImpl.messagesAvailable(ServerCallImpl.java:319)\n\tat io.grpc.internal.ServerImpl$JumpToApplicationThreadServerStreamListener$1MessagesAvailable.runInContext(ServerImpl.java:834)\n\tat io.grpc.internal.ContextRunnable.run(ContextRunnable.java:37)\n\tat io.grpc.internal.SerializingExecutor.run(SerializingExecutor.java:133)\n\tat java.base/java.util.concurrent.ThreadPoolExecutor.runWorker(ThreadPoolExecutor.java:1144)\n\tat java.base/java.util.concurrent.ThreadPoolExecutor$Worker.run(ThreadPoolExecutor.java:642)\n\tat java.base/java.lang.Thread.run(Thread.java:1583)\n\n"}}
[warn] ⚠  Script exited unsuccessfully (code 8) 
[info] i  emulators: Shutting down emulators. {"metadata":{"emulator":{"name":"hub"},"message":"Shutting down emulators."}}
[info] i  firestore: Stopping Firestore Emulator {"metadata":{"emulator":{"name":"firestore"},"message":"Stopping Firestore Emulator"}}
[debug] [2026-08-12T08:44:56.299Z] *** shutting down gRPC server since JVM is shutting down
 {"metadata":{"emulator":{"name":"firestore"},"message":"*** shutting down gRPC server since JVM is shutting down\n"}}
[debug] [2026-08-12T08:44:56.302Z] *** server shut down
 {"metadata":{"emulator":{"name":"firestore"},"message":"*** server shut down\n"}}
[info] i  hub: Stopping emulator hub {"metadata":{"emulator":{"name":"hub"},"message":"Stopping emulator hub"}}
[info] i  logging: Stopping Logging Emulator {"metadata":{"emulator":{"name":"logging"},"message":"Stopping Logging Emulator"}}
[debug] [2026-08-12T08:44:56.649Z] Could not find VSCode notification endpoint: FetchError: request to http://localhost:40001/vscode/notify failed, reason: connect ECONNREFUSED 127.0.0.1:40001. If you are not running the Firebase SQL Connect VSCode extension, this is expected and not an issue.
[error] 
[error] Error: Script "npm test" exited with code 8
[debug] [2026-08-12T08:44:56.924Z] Found emulator hub locator: {"version":"15.22.2","origins":["http://127.0.0.1:4400","http://[::1]:4400"],"pid":5227}
